INSERT INTO REGIONE VALUES ('1','Abruzzo')
INSERT INTO REGIONE VALUES ('2','Basilicata')
INSERT INTO REGIONE VALUES ('3','Calabria')
INSERT INTO REGIONE VALUES ('4','Campania')
INSERT INTO REGIONE VALUES ('5','Emilia-Romagna')
INSERT INTO REGIONE VALUES ('6','Friuli-Venezia Giulia')
INSERT INTO REGIONE VALUES ('7','Lazio')
INSERT INTO REGIONE VALUES ('8','Liguria')
INSERT INTO REGIONE VALUES ('9','Lombardia')
INSERT INTO REGIONE VALUES ('10','Marche')
INSERT INTO REGIONE VALUES ('11','Molise')
INSERT INTO REGIONE VALUES ('12','Piemonte')
INSERT INTO REGIONE VALUES ('13','Puglia')
INSERT INTO REGIONE VALUES ('14','Sardegna')
INSERT INTO REGIONE VALUES ('15','Sicilia')
INSERT INTO REGIONE VALUES ('16','Toscana')
INSERT INTO REGIONE VALUES ('17','Trentino-Alto Adige')
INSERT INTO REGIONE VALUES ('18','Umbria')
INSERT INTO REGIONE VALUES ('19','Valle d Aosta')
INSERT INTO REGIONE VALUES ('20','Veneto')

---------

INSERT INTO RESPONSABILE VALUES ('136','SABRINA','MICCOLI','14/08/69','068489-2277','sabrina.miccoli@guardiacaccia.it','F','0','13/04/95')
INSERT INTO RESPONSABILE VALUES ('137','CLAUDIA','MIGLIORE','02/02/98','068489-3202','claudia.migliore@guardiacaccia.it','F','0','15/02/20')
INSERT INTO RESPONSABILE VALUES ('138','SANDRO','NARDELLA','17/05/86','0815250-220','sandro.nardella@guardiacaccia.it','M','0','20/02/05')
INSERT INTO RESPONSABILE VALUES ('139','DARIO','NATOLI','15/04/63','0815250-221','dario.natoli@guardiacaccia.it','M','0','05/02/90')
INSERT INTO RESPONSABILE VALUES ('140','CARMELA','NOLVINI','09/06/72','068489-3422','carmela.nolvini@guardiacaccia.it','F','0','12/08/95')
INSERT INTO RESPONSABILE VALUES ('141','SABRINA','ONANO','01/11/99','0815250-282','sabrina.onano@guardiacaccia.it','F','0','02/10/21')
INSERT INTO RESPONSABILE VALUES ('142','CLAUDIA','ONNIS','24/09/99','0815250-264','claudia.onnis@guardiacaccia.it','F','0','30/09/19')
INSERT INTO RESPONSABILE VALUES ('143','PELLEGRINO','PACILIO','20/04/68','0815250-289','pellegrino.pacilio@guardiacaccia.it','M','0','05/10/93')
INSERT INTO RESPONSABILE VALUES ('144','DANIELA','PAGANO','09/02/87','0971-669085','daniela.pagano@guardiacaccia.it','F','0','23/06/05')
INSERT INTO RESPONSABILE VALUES ('150','CLELIA','PUGLISI','06/04/99','0815250-205','clelia.puglisi@guardiacaccia.it','F','0','28/09/23')
INSERT INTO RESPONSABILE VALUES ('153','KATIA','QUATTROCCHI','23/05/68','068489-3379','katia.quattrocchi@guardiacaccia.it','F','0','16/03/95')
INSERT INTO RESPONSABILE VALUES ('154','ROBERTO','SANTI','05/02/76','068489-2547','roberto.santi@guardiacaccia.it','M','0','11/11/97')
INSERT INTO RESPONSABILE VALUES ('101','MAUGERI','FEDERICO','25/05/94','345-3456789','maugeri.federico@guardiacaccia.it','M','1','18/03/15')
INSERT INTO RESPONSABILE VALUES ('102','ROSSI','FRANCESCO','12/01/80','333-4589098','rossi.francesco@guardiacaccia.it','M','1','28/12/00')
INSERT INTO RESPONSABILE VALUES ('103','BRAMBILLA','GIUSEPPE','01/04/78','324-5678900','brambilla.giuseppe@guardiacaccia.it','M','1','06/11/00')
INSERT INTO RESPONSABILE VALUES ('104','SNAIER','ORAZIO','18/07/67','351-4321678','snaier.orazio@guardiacaccia.it','M','1','07/07/92')
INSERT INTO RESPONSABILE VALUES ('105','TIDDIA','ALEXA','20/04/93','320-4590367','tiddia.alexa@guardiacaccia.it','F','1','26/07/13')
INSERT INTO RESPONSABILE VALUES ('106','ANNA MARIA','ANIBALLI','10/10/99','068489-3295','anna maria.aniballi@guardiacaccia.it','F','1','01/10/19')
INSERT INTO RESPONSABILE VALUES ('107','STEFANIA','APPOLLONI','19/07/70','068489-3248','stefania.appolloni@guardiacaccia.it','F','1','17/04/95')
INSERT INTO RESPONSABILE VALUES ('108','ROSARIA','APREDA','24/12/92','068489-3232','rosaria.apreda@guardiacaccia.it','F','1','17/07/10')
INSERT INTO RESPONSABILE VALUES ('109','GIULIO','ARTEGIANI','21/02/83','068489-3262','giulio.artegiani@guardiacaccia.it','M','1','11/03/04')
INSERT INTO RESPONSABILE VALUES ('110','WALTER','AVILIA','07/03/89','068489-2244','walter.avilia@guardiacaccia.it','M','1','23/09/07')
INSERT INTO RESPONSABILE VALUES ('111','FELICE','BALLETTA','10/12/72','068489-2390','felice.balletta@guardiacaccia.it','M','1','19/11/96')
INSERT INTO RESPONSABILE VALUES ('112','DANIELE ALBERTO','BARBERIO','06/05/96','068489-2609','daniele alberto.barberio@guardiacaccia.it','M','1','01/09/18')
INSERT INTO RESPONSABILE VALUES ('113','PASQUALE','BARBIERI','23/04/76','0815250-320','pasquale.barbieri@guardiacaccia.it','M','1','10/06/98')
INSERT INTO RESPONSABILE VALUES ('114','MAURO','BARBINI','31/01/74','068489-3405','mauro.barbini@guardiacaccia.it','M','1','18/07/97')
INSERT INTO RESPONSABILE VALUES ('115','ALESSANDRA','CORNERO','23/05/82','07067956-240','alessandra.cornero@guardiacaccia.it','F','1','30/12/00')
INSERT INTO RESPONSABILE VALUES ('116','SONIA','CORSI','07/09/85','068489-2220','sonia.corsi@guardiacaccia.it','F','1','19/07/06')
INSERT INTO RESPONSABILE VALUES ('117','ROBERTA','COSTANZA','07/02/87','068489-2612','roberta.costanza@guardiacaccia.it','F','1','15/02/05')
INSERT INTO RESPONSABILE VALUES ('118','PATRIZIA','COVELLO','13/06/76','068489-2231','patrizia.covello@guardiacaccia.it','F','1','20/06/98')
INSERT INTO RESPONSABILE VALUES ('119','MAURO','COVINO','01/06/86','068489-3382','mauro.covino@guardiacaccia.it','M','1','27/02/05')
INSERT INTO RESPONSABILE VALUES ('120','ROBERTA','CRUDELE','21/07/67','068489-2532','roberta.crudele@guardiacaccia.it','F','1','28/09/92')
INSERT INTO RESPONSABILE VALUES ('121','ANNAPINA','CUCCURULLO','25/06/87','068489-2534','annapina.cuccurullo@guardiacaccia.it','F','1','07/07/05')
INSERT INTO RESPONSABILE VALUES ('122','FRANCESCO','DALTERIO','09/03/99','068489-2212','francesco.dalterio@guardiacaccia.it','M','1','27/09/22')
INSERT INTO RESPONSABILE VALUES ('123','CLAUDIO','FLORIS','03/06/95','068489-3346','claudio.floris@guardiacaccia.it','M','1','20/08/15')
INSERT INTO RESPONSABILE VALUES ('124','ELISABETTA','FODDE','03/09/67','068489-2232','elisabetta.fodde@guardiacaccia.it','F','1','25/12/92')
INSERT INTO RESPONSABILE VALUES ('125','SILVIA','FRACCHIA','04/11/64','068489-2615','silvia.fracchia@guardiacaccia.it','F','1','13/11/90')
INSERT INTO RESPONSABILE VALUES ('126','CRISTIANA','FRAZZITTA','29/11/86','068489-2251','cristiana.frazzitta@guardiacaccia.it','F','1','22/12/04')
INSERT INTO RESPONSABILE VALUES ('127','MARIA POMPEA','FRINO','07/01/88','068489-2243','maria pompea.frino@guardiacaccia.it','F','1','24/08/08')
INSERT INTO RESPONSABILE VALUES ('128','ANTONELLA','FROSONI','04/02/76','068489-3336','antonella.frosoni@guardiacaccia.it','F','1','29/10/97')
INSERT INTO RESPONSABILE VALUES ('129','CLELIA','FUSCO','06/04/65','0815250-4493','clelia.fusco@guardiacaccia.it','F','1','07/12/90')
INSERT INTO RESPONSABILE VALUES ('130','FRANCESCO','GALATI','05/09/72','081-5250-240','francesco.galati@guardiacaccia.it','M','1','09/09/95')
INSERT INTO RESPONSABILE VALUES ('131','PAOLA','MARZILLI','13/10/85','068489-3294','paola.marzilli@guardiacaccia.it','F','1','23/08/05')
INSERT INTO RESPONSABILE VALUES ('132','ALESSIA','MASCHERUCCI','08/01/67','068489-2406','alessia.mascherucci@guardiacaccia.it','F','1','22/11/91')
INSERT INTO RESPONSABILE VALUES ('133','FRANCESCA','MAZZA','01/04/82','068489-3247','francesca.mazza@guardiacaccia.it','F','1','29/12/00')
INSERT INTO RESPONSABILE VALUES ('134','MAURO','MERCURI','08/08/85',' 068489-3401','mauro.mercuri@guardiacaccia.it','M','1','18/07/06')
INSERT INTO RESPONSABILE VALUES ('135','NADA','MEZZULLO','02/11/66','068489-3409','nada.mezzullo@guardiacaccia.it','F','1','02/04/91')
INSERT INTO RESPONSABILE VALUES ('145','CAROLINA','PAGLIARELLA','06/12/78','068489-3274','carolina.pagliarella@guardiacaccia.it','F','1','27/12/00')
INSERT INTO RESPONSABILE VALUES ('146','ENZA','PAGLIARIN','17/05/99','068489-2365','enza.pagliarin@guardiacaccia.it','F','1','29/09/18')
INSERT INTO RESPONSABILE VALUES ('147','GIULIANO','PRAGLIOLA','06/10/91','068489-2207','giuliano.pragliola@guardiacaccia.it','M','1','20/06/10')
INSERT INTO RESPONSABILE VALUES ('148','STEFANIA','PRINCIPESSA','04/04/86','068489-2344','stefania.principessa@guardiacaccia.it','F','1','19/09/05')
INSERT INTO RESPONSABILE VALUES ('149','ANNA','PRUNEDDU','16/07/64','0815250-331','anna.pruneddu@guardiacaccia.it','F','1','07/08/90')
INSERT INTO RESPONSABILE VALUES ('151','ELENA','PUGLISI','01/07/85','07067956-207','elena.puglisi@guardiacaccia.it','F','1','09/04/06')
INSERT INTO RESPONSABILE VALUES ('152','CONCETTA','QUARTO','31/03/94','068489-2310','concetta.quarto@guardiacaccia.it','F','1','12/01/14')
INSERT INTO RESPONSABILE VALUES ('155','LUIGI','SANTOBONI','06/11/85','068489-3376','luigi.santoboni@guardiacaccia.it','M','1','10/01/04')
INSERT INTO RESPONSABILE VALUES ('156','GIORGIO','SARTI','26/03/90','0815250-217','giorgio.sarti@guardiacaccia.it','M','1','16/08/10')
INSERT INTO RESPONSABILE VALUES ('157','ANTONIO','SATURNINO','08/01/77','068489-3459','antonio.saturnino@guardiacaccia.it','M','1','02/02/99')
INSERT INTO RESPONSABILE VALUES ('158','GIANNI','SAVI','21/06/64','068489-2326','gianni.savi@guardiacaccia.it','M','1','23/07/90')
INSERT INTO RESPONSABILE VALUES ('159','IRENE','SAVI','27/01/83','0815250-206','irene.savi@guardiacaccia.it','F','1','24/01/04')
INSERT INTO RESPONSABILE VALUES ('160','LUANA','SAVINI','09/08/89','0815250-288','luana.savini@guardiacaccia.it','F','1','04/10/10')

----------------------------------------------

INSERT INTO ORDINEANIMALE VALUES ('MAM01','MAMMIFERI')
INSERT INTO ORDINEANIMALE VALUES ('UCC02','UCCELLI')
INSERT INTO ORDINEANIMALE VALUES ('PES03','PESCI')
INSERT INTO ORDINEANIMALE VALUES ('RET04','RETTILI')
INSERT INTO ORDINEANIMALE VALUES ('ANF05','ANFIBI')

------------------------------------------------

INSERT INTO POSIZIONE VALUES ('SUD')
INSERT INTO POSIZIONE VALUES ('NORD')
INSERT INTO POSIZIONE VALUES ('CENTRO')

-----------------------------------------------------

INSERT INTO SPECIEANIMALE VALUES ('AL11','ALICE')
INSERT INTO SPECIEANIMALE VALUES ('AQ06','AQUILA')
INSERT INTO SPECIEANIMALE VALUES ('CA57','CARDELLINO')
INSERT INTO SPECIEANIMALE VALUES ('CA99','CAPRIOLO')
INSERT INTO SPECIEANIMALE VALUES ('CE45','CERVO')
INSERT INTO SPECIEANIMALE VALUES ('CI89','CINGHIALE')
INSERT INTO SPECIEANIMALE VALUES ('DE12','DELFINO')
INSERT INTO SPECIEANIMALE VALUES ('DE32','DENTICE')
INSERT INTO SPECIEANIMALE VALUES ('FA05','FALCO')
INSERT INTO SPECIEANIMALE VALUES ('GU07','GUFO')
INSERT INTO SPECIEANIMALE VALUES ('LU01','LUPO')
INSERT INTO SPECIEANIMALE VALUES ('LU09','LUCERTOLA')
INSERT INTO SPECIEANIMALE VALUES ('LU69','LUCCIO')
INSERT INTO SPECIEANIMALE VALUES ('OR02','ORSO')
INSERT INTO SPECIEANIMALE VALUES ('OR78','ORATA')
INSERT INTO SPECIEANIMALE VALUES ('PS87','PESCE SPADA')
INSERT INTO SPECIEANIMALE VALUES ('SA62','SALAMANDRA')
INSERT INTO SPECIEANIMALE VALUES ('SC04','SCOIATTOLO')
INSERT INTO SPECIEANIMALE VALUES ('ST31','STAMBECCO')
INSERT INTO SPECIEANIMALE VALUES ('ST78','STORIONE')
INSERT INTO SPECIEANIMALE VALUES ('TR21','TRITONE')
INSERT INTO SPECIEANIMALE VALUES ('TR34','TROTA')
INSERT INTO SPECIEANIMALE VALUES ('VI08','VIPERA')
INSERT INTO SPECIEANIMALE VALUES ('VO03','VOLPE')


---------------------------------------------------------------
INSERT INTO STATOSALUTE VALUES ('WGOOD','In Ottima Salute')
INSERT INTO STATOSALUTE VALUES ('GOOD','In Buona Salute')
INSERT INTO STATOSALUTE VALUES ('SO','In Salute')
INSERT INTO STATOSALUTE VALUES ('ILL','In Cura')
INSERT INTO STATOSALUTE VALUES ('WORST','Pessima Salute')



-----------------------------------------------
INSERT INTO ESTINZIONE VALUES ('0-LC','Minor Preoccupazione')
INSERT INTO ESTINZIONE VALUES ('1-NT','Quasi Minacciata')
INSERT INTO ESTINZIONE VALUES ('2-VU','Vulnerabile')
INSERT INTO ESTINZIONE VALUES ('3-EN','In Pericolo')
INSERT INTO ESTINZIONE VALUES ('4-CR','In Pericolo Critico')
INSERT INTO ESTINZIONE VALUES ('5-EW','Estinta in ambiente selvatico')
INSERT INTO ESTINZIONE VALUES ('6-EX','Estinta')



-------------------------------------------------

INSERT INTO PARCO VALUES ('LOM1','ADDA NORD','9','101','NORD')
INSERT INTO PARCO VALUES ('LOM2','MINCIO','9','102','NORD')
INSERT INTO PARCO VALUES ('PIE1','LA MANDRIA','12','103','NORD')
INSERT INTO PARCO VALUES ('PIE2','TICINO','12','160','NORD')
INSERT INTO PARCO VALUES ('VAL1','MONTE AVIC','19','105','NORD')
INSERT INTO PARCO VALUES ('TRE1','TRE CIME','17','106','NORD')
INSERT INTO PARCO VALUES ('TRE2','ADAMELLO BRENTA','17','107','NORD')
INSERT INTO PARCO VALUES ('VEN1','COLLI EUGANEI','20','108','NORD')
INSERT INTO PARCO VALUES ('VEN2','FIUME SILE','20','109','NORD')
INSERT INTO PARCO VALUES ('FRI1','DOLIMITI FRIULIANE','6','110','NORD')
INSERT INTO PARCO VALUES ('FRI2','PREALPI GIULIE','6','111','NORD')
INSERT INTO PARCO VALUES ('LIG1','PORTO VENERE','8','112','NORD')
INSERT INTO PARCO VALUES ('LIG2','ALPI LIGURI','8','113','NORD')
INSERT INTO PARCO VALUES ('EMI1','TREBBIA','5','114','NORD')
INSERT INTO PARCO VALUES ('EMI2','DELTA DEL PO-EMILIA ROMAGNA','5','115','NORD')
INSERT INTO PARCO VALUES ('TOS1','MAREMMA','16','157','CENTRO')
INSERT INTO PARCO VALUES ('TOS2','ALPI APUANE','16','117','CENTRO')
INSERT INTO PARCO VALUES ('UMB1','MONTE SUBASIO','18','118','CENTRO')
INSERT INTO PARCO VALUES ('UMB2','LAGO TRASIMENO','18','119','CENTRO')
INSERT INTO PARCO VALUES ('MAR2','CONERO','10','120','CENTRO')
INSERT INTO PARCO VALUES ('MAR2','GOLA DELLA ROSSA E DI FRASASSI','10','121','CENTRO')
INSERT INTO PARCO VALUES ('LAZ1','CASTELLI ROMANI','7','122','CENTRO')
INSERT INTO PARCO VALUES ('LAZ2','BRACCIANO-MARTIGNANO','7','123','CENTRO')
INSERT INTO PARCO VALUES ('ABR1','SIRENTE VELINO','1','145','SUD')
INSERT INTO PARCO VALUES ('CAM1','CAMPI FLEGREI','4','125','SUD')
INSERT INTO PARCO VALUES ('CAM2','MATESE','4','126','SUD')
INSERT INTO PARCO VALUES ('PUG1','COSTA OTRANTO','13','127','SUD')
INSERT INTO PARCO VALUES ('PUG2','SALINA DI PUNTA CONTESSA','13','128','SUD')
INSERT INTO PARCO VALUES ('BAS1','GALLIPOLI COGNATO','2','129','SUD')
INSERT INTO PARCO VALUES ('BAS2','MURGIA MATERANA','2','130','SUD')
INSERT INTO PARCO VALUES ('CAL1','SERRE','4','131','SUD')
INSERT INTO PARCO VALUES ('SIC1','ETNA','15','132','SUD')
INSERT INTO PARCO VALUES ('SIC2','MADONIE','15','133','SUD')
INSERT INTO PARCO VALUES ('SAR1','GUTTURU MANU','14','134','SUD')
INSERT INTO PARCO VALUES ('SAR2','TEPILORA','14','135','SUD')

---------------------------------------------------------------------
INSERT INTO ANIMALE VALUES ('GSP0718','F','17','LOM1','SO','SA62','ANF05','1-NT')
INSERT INTO ANIMALE VALUES ('GSP0719','M','2','LOM2','GOOD','SA62','ANF05','1-NT')
INSERT INTO ANIMALE VALUES ('GSP0720','M','13','PIE1','GOOD','SA62','ANF05','1-NT')
INSERT INTO ANIMALE VALUES ('GSP0721','M','24','PIE2','GOOD','SA62','ANF05','1-NT')
INSERT INTO ANIMALE VALUES ('GSP0722','M','8','VAL1','WGOOD','SA62','ANF05','1-NT')
INSERT INTO ANIMALE VALUES ('GSP0723','F','6','TRE1','WGOOD','SA62','ANF05','1-NT')
INSERT INTO ANIMALE VALUES ('GSP0724','F','1','TRE2','WGOOD','SA62','ANF05','1-NT')
INSERT INTO ANIMALE VALUES ('GSP0725','M','18','VEN1','WGOOD','SA62','ANF05','1-NT')
INSERT INTO ANIMALE VALUES ('GSP0726','M','8','VEN2','WGOOD','SA62','ANF05','1-NT')
INSERT INTO ANIMALE VALUES ('GSP0727','M','4','FRI1','WGOOD','SA62','ANF05','1-NT')
INSERT INTO ANIMALE VALUES ('GSP0728','M','14','FRI2','WGOOD','SA62','ANF05','1-NT')
INSERT INTO ANIMALE VALUES ('GSP0729','F','23','LIG1','WGOOD','SA62','ANF05','1-NT')
INSERT INTO ANIMALE VALUES ('GSP0730','F','1','LIG2','WGOOD','SA62','ANF05','1-NT')
INSERT INTO ANIMALE VALUES ('GSP0731','M','22','EMI1','WGOOD','SA62','ANF05','1-NT')
INSERT INTO ANIMALE VALUES ('GSP0732','M','28','EMI2','WORST','SA62','ANF05','1-NT')
INSERT INTO ANIMALE VALUES ('GSP0733','F','1','TOS1','ILL','SA62','ANF05','1-NT')
INSERT INTO ANIMALE VALUES ('GSP0734','M','25','TOS2','ILL','SA62','ANF05','1-NT')
INSERT INTO ANIMALE VALUES ('GSP0735','M','11','UMB1','ILL','SA62','ANF05','1-NT')
INSERT INTO ANIMALE VALUES ('GSP0736','M','7','UMB2','SO','SA62','ANF05','1-NT')
INSERT INTO ANIMALE VALUES ('GSP0737','M','9','MAR2','SO','SA62','ANF05','1-NT')
INSERT INTO ANIMALE VALUES ('GSP0738','F','22','MAR2','SO','SA62','ANF05','1-NT')
INSERT INTO ANIMALE VALUES ('GSP0739','F','17','LAZ1','GOOD','SA62','ANF05','1-NT')
INSERT INTO ANIMALE VALUES ('GSP0740','M','17','LAZ2','GOOD','SA62','ANF05','1-NT')
INSERT INTO ANIMALE VALUES ('GSP0741','M','6','ABR1','GOOD','SA62','ANF05','1-NT')
INSERT INTO ANIMALE VALUES ('GSP0742','M','4','CAM1','WGOOD','SA62','ANF05','1-NT')
INSERT INTO ANIMALE VALUES ('GSP0743','M','16','CAM2','WGOOD','SA62','ANF05','1-NT')
INSERT INTO ANIMALE VALUES ('GSP0744','F','17','PUG1','WGOOD','SA62','ANF05','1-NT')
INSERT INTO ANIMALE VALUES ('GSP0745','F','20','PUG2','WGOOD','SA62','ANF05','1-NT')
INSERT INTO ANIMALE VALUES ('GSP0746','M','10','BAS1','WGOOD','SA62','ANF05','1-NT')
INSERT INTO ANIMALE VALUES ('GSP0747','M','10','BAS2','WGOOD','SA62','ANF05','1-NT')
INSERT INTO ANIMALE VALUES ('GSP0748','M','15','CAL1','WGOOD','SA62','ANF05','1-NT')
INSERT INTO ANIMALE VALUES ('GSP0749','M','5','UMB1','WGOOD','SA62','ANF05','1-NT')
INSERT INTO ANIMALE VALUES ('GSP0750','F','11','UMB2','WGOOD','SA62','ANF05','1-NT')
INSERT INTO ANIMALE VALUES ('GSP0751','F','4','MAR2','WORST','SA62','ANF05','1-NT')
INSERT INTO ANIMALE VALUES ('GSP0752','M','2','MAR2','ILL','SA62','ANF05','1-NT')
INSERT INTO ANIMALE VALUES ('GSP0753','M','20','LAZ1','ILL','SA62','ANF05','1-NT')
INSERT INTO ANIMALE VALUES ('GSP0754','F','19','LAZ2','ILL','SA62','ANF05','1-NT')
INSERT INTO ANIMALE VALUES ('GSP0755','M','10','ABR1','SO','SA62','ANF05','1-NT')
INSERT INTO ANIMALE VALUES ('GSP0756','M','10','CAM1','SO','SA62','ANF05','1-NT')
INSERT INTO ANIMALE VALUES ('GSP0757','M','26','CAM2','SO','SA62','ANF05','1-NT')
INSERT INTO ANIMALE VALUES ('GSP0758','M','3','VEN1','GOOD','SA62','ANF05','1-NT')
INSERT INTO ANIMALE VALUES ('GSP0759','F','26','VEN2','GOOD','SA62','ANF05','1-NT')
INSERT INTO ANIMALE VALUES ('GSP0884','M','4','LOM1','ILL','TR21','ANF05','1-NT')
INSERT INTO ANIMALE VALUES ('GSP0885','M','5','LOM2','ILL','TR21','ANF05','1-NT')
INSERT INTO ANIMALE VALUES ('GSP0886','F','1','PIE1','ILL','TR21','ANF05','1-NT')
INSERT INTO ANIMALE VALUES ('GSP0887','M','2','PIE2','SO','TR21','ANF05','1-NT')
INSERT INTO ANIMALE VALUES ('GSP0888','M','1','VAL1','SO','TR21','ANF05','1-NT')
INSERT INTO ANIMALE VALUES ('GSP0889','F','5','TRE1','SO','TR21','ANF05','1-NT')
INSERT INTO ANIMALE VALUES ('GSP0890','M','1','TRE2','GOOD','TR21','ANF05','1-NT')
INSERT INTO ANIMALE VALUES ('GSP0891','M','3','VEN1','GOOD','TR21','ANF05','1-NT')
INSERT INTO ANIMALE VALUES ('GSP0892','F','2','VEN2','GOOD','TR21','ANF05','1-NT')
INSERT INTO ANIMALE VALUES ('GSP0893','M','4','FRI1','WGOOD','TR21','ANF05','1-NT')
INSERT INTO ANIMALE VALUES ('GSP0894','M','3','FRI2','WGOOD','TR21','ANF05','1-NT')
INSERT INTO ANIMALE VALUES ('GSP0895','F','2','LIG2','WGOOD','TR21','ANF05','1-NT')
INSERT INTO ANIMALE VALUES ('GSP0896','M','5','CAM1','WGOOD','TR21','ANF05','1-NT')
INSERT INTO ANIMALE VALUES ('GSP0897','M','2','CAM2','WGOOD','TR21','ANF05','1-NT')
INSERT INTO ANIMALE VALUES ('GSP0898','F','4','PUG2','WGOOD','TR21','ANF05','1-NT')
INSERT INTO ANIMALE VALUES ('GSP0899','M','4','BAS1','WGOOD','TR21','ANF05','1-NT')
INSERT INTO ANIMALE VALUES ('GSP0900','M','1','BAS2','WGOOD','TR21','ANF05','1-NT')
INSERT INTO ANIMALE VALUES ('GSP0901','F','5','CAL1','WGOOD','TR21','ANF05','1-NT')
INSERT INTO ANIMALE VALUES ('GSP0902','M','1','SIC1','WGOOD','TR21','ANF05','1-NT')
INSERT INTO ANIMALE VALUES ('GSP0903','M','3','SIC2','GOOD','TR21','ANF05','1-NT')
INSERT INTO ANIMALE VALUES ('GSP0904','F','3','SAR1','GOOD','TR21','ANF05','1-NT')
INSERT INTO ANIMALE VALUES ('GSP0905','M','5','SAR2','GOOD','TR21','ANF05','1-NT')
INSERT INTO ANIMALE VALUES ('GSP0906','M','4','EMI1','WORST','TR21','ANF05','1-NT')
INSERT INTO ANIMALE VALUES ('GSP0907','F','3','EMI2','ILL','TR21','ANF05','1-NT')
INSERT INTO ANIMALE VALUES ('GSP0908','M','1','TOS1','ILL','TR21','ANF05','1-NT')
INSERT INTO ANIMALE VALUES ('GSP0909','M','3','TOS2','ILL','TR21','ANF05','1-NT')
INSERT INTO ANIMALE VALUES ('GSP0910','F','5','UMB1','SO','TR21','ANF05','1-NT')
INSERT INTO ANIMALE VALUES ('GSP0911','M','1','UMB2','SO','TR21','ANF05','1-NT')
INSERT INTO ANIMALE VALUES ('GSP0912','M','5','MAR2','SO','TR21','ANF05','1-NT')
INSERT INTO ANIMALE VALUES ('GSP0913','F','3','MAR2','GOOD','TR21','ANF05','1-NT')
INSERT INTO ANIMALE VALUES ('GSP0914','F','1','LAZ1','GOOD','TR21','ANF05','1-NT')
INSERT INTO ANIMALE VALUES ('GSP0915','M','4','LAZ2','GOOD','TR21','ANF05','1-NT')
INSERT INTO ANIMALE VALUES ('GSP0916','M','4','ABR1','WGOOD','TR21','ANF05','1-NT')
INSERT INTO ANIMALE VALUES ('GSP0917','F','2','BAS2','WGOOD','TR21','ANF05','1-NT')
INSERT INTO ANIMALE VALUES ('GSP0918','M','4','CAL1','WGOOD','TR21','ANF05','1-NT')
INSERT INTO ANIMALE VALUES ('GSP0919','M','2','SIC1','WGOOD','TR21','ANF05','1-NT')
INSERT INTO ANIMALE VALUES ('GSP0920','F','5','SIC2','WGOOD','TR21','ANF05','1-NT')
INSERT INTO ANIMALE VALUES ('GSP0022','M','14','LOM1','WGOOD','CE45','MAM01','2-VU')
INSERT INTO ANIMALE VALUES ('GSP0023','F','2','LOM2','GOOD','CE45','MAM01','2-VU')
INSERT INTO ANIMALE VALUES ('GSP0024','M','3','PIE1','WGOOD','CE45','MAM01','2-VU')
INSERT INTO ANIMALE VALUES ('GSP0025','M','2','PIE2','WGOOD','CE45','MAM01','2-VU')
INSERT INTO ANIMALE VALUES ('GSP0026','M','14','VAL1','GOOD','CE45','MAM01','2-VU')
INSERT INTO ANIMALE VALUES ('GSP0027','F','16','TRE1','GOOD','CE45','MAM01','2-VU')
INSERT INTO ANIMALE VALUES ('GSP0028','M','15','TRE2','WGOOD','CE45','MAM01','2-VU')
INSERT INTO ANIMALE VALUES ('GSP0029','M','15','VEN1','WGOOD','CE45','MAM01','2-VU')
INSERT INTO ANIMALE VALUES ('GSP0030','M','3','VEN2','SO','CE45','MAM01','2-VU')
INSERT INTO ANIMALE VALUES ('GSP0031','F','17','FRI1','SO','CE45','MAM01','2-VU')
INSERT INTO ANIMALE VALUES ('GSP0032','M','16','FRI2','SO','CE45','MAM01','2-VU')
INSERT INTO ANIMALE VALUES ('GSP0033','M','1','EMI1','SO','CE45','MAM01','2-VU')
INSERT INTO ANIMALE VALUES ('GSP0034','M','15','TOS1','ILL','CE45','MAM01','2-VU')
INSERT INTO ANIMALE VALUES ('GSP0035','F','16','TOS2','SO','CE45','MAM01','2-VU')
INSERT INTO ANIMALE VALUES ('GSP0036','M','16','UMB1','WGOOD','CE45','MAM01','2-VU')
INSERT INTO ANIMALE VALUES ('GSP0037','M','12','MAR2','GOOD','CE45','MAM01','2-VU')
INSERT INTO ANIMALE VALUES ('GSP0038','M','11','MAR2','WGOOD','CE45','MAM01','2-VU')
INSERT INTO ANIMALE VALUES ('GSP0039','F','15','BAS2','WGOOD','CE45','MAM01','2-VU')
INSERT INTO ANIMALE VALUES ('GSP0040','M','7','LOM1','GOOD','CE45','MAM01','2-VU')
INSERT INTO ANIMALE VALUES ('GSP0041','M','18','LOM2','GOOD','CE45','MAM01','2-VU')
INSERT INTO ANIMALE VALUES ('GSP0042','M','6','PIE1','WGOOD','CE45','MAM01','2-VU')
INSERT INTO ANIMALE VALUES ('GSP0043','F','3','PIE2','WGOOD','CE45','MAM01','2-VU')
INSERT INTO ANIMALE VALUES ('GSP0044','M','5','VAL1','SO','CE45','MAM01','2-VU')
INSERT INTO ANIMALE VALUES ('GSP0045','M','8','TRE1','SO','CE45','MAM01','2-VU')
INSERT INTO ANIMALE VALUES ('GSP0046','M','18','TRE2','SO','CE45','MAM01','2-VU')
INSERT INTO ANIMALE VALUES ('GSP0047','F','7','VEN1','SO','CE45','MAM01','2-VU')
INSERT INTO ANIMALE VALUES ('GSP0048','M','4','VEN2','ILL','CE45','MAM01','2-VU')
INSERT INTO ANIMALE VALUES ('GSP0049','M','11','FRI1','SO','CE45','MAM01','2-VU')
INSERT INTO ANIMALE VALUES ('GSP0050','M','17','FRI2','ILL','CE45','MAM01','2-VU')
INSERT INTO ANIMALE VALUES ('GSP0051','F','1','EMI1','GOOD','CE45','MAM01','2-VU')
INSERT INTO ANIMALE VALUES ('GSP0052','M','2','TOS1','WORST','CE45','MAM01','2-VU')
INSERT INTO ANIMALE VALUES ('GSP0053','M','9','TOS2','WORST','CE45','MAM01','2-VU')
INSERT INTO ANIMALE VALUES ('GSP0054','M','20','LOM1','ILL','CE45','MAM01','2-VU')
INSERT INTO ANIMALE VALUES ('GSP0055','F','16','LOM2','ILL','CE45','MAM01','2-VU')
INSERT INTO ANIMALE VALUES ('GSP0056','M','5','PIE1','ILL','CE45','MAM01','2-VU')
INSERT INTO ANIMALE VALUES ('GSP0057','M','20','PIE2','GOOD','CE45','MAM01','2-VU')
INSERT INTO ANIMALE VALUES ('GSP0058','M','18','VAL1','WORST','CE45','MAM01','2-VU')
INSERT INTO ANIMALE VALUES ('GSP0059','F','10','LOM1','WORST','CE45','MAM01','2-VU')
INSERT INTO ANIMALE VALUES ('GSP0060','M','9','LOM2','GOOD','CE45','MAM01','2-VU')
INSERT INTO ANIMALE VALUES ('GSP0061','M','13','PIE1','WGOOD','CE45','MAM01','2-VU')
INSERT INTO ANIMALE VALUES ('GSP0134','F','2','PIE2','WGOOD','CA99','MAM01','0-LC')
INSERT INTO ANIMALE VALUES ('GSP0135','M','3','VAL1','GOOD','CA99','MAM01','0-LC')
INSERT INTO ANIMALE VALUES ('GSP0136','F','5','TRE1','WGOOD','CA99','MAM01','0-LC')
INSERT INTO ANIMALE VALUES ('GSP0137','F','3','TRE2','WGOOD','CA99','MAM01','0-LC')
INSERT INTO ANIMALE VALUES ('GSP0138','M','12','VEN1','GOOD','CA99','MAM01','0-LC')
INSERT INTO ANIMALE VALUES ('GSP0139','F','6','FRI1','GOOD','CA99','MAM01','0-LC')
INSERT INTO ANIMALE VALUES ('GSP0140','M','9','FRI2','WGOOD','CA99','MAM01','0-LC')
INSERT INTO ANIMALE VALUES ('GSP0141','F','6','LOM1','WGOOD','CA99','MAM01','0-LC')
INSERT INTO ANIMALE VALUES ('GSP0142','F','13','LOM1','SO','CA99','MAM01','0-LC')
INSERT INTO ANIMALE VALUES ('GSP0143','M','7','PIE1','SO','CA99','MAM01','0-LC')
INSERT INTO ANIMALE VALUES ('GSP0144','F','8','VAL1','SO','CA99','MAM01','0-LC')
INSERT INTO ANIMALE VALUES ('GSP0145','M','2','TRE1','SO','CA99','MAM01','0-LC')
INSERT INTO ANIMALE VALUES ('GSP0146','F','13','VEN1','ILL','CA99','MAM01','0-LC')
INSERT INTO ANIMALE VALUES ('GSP0147','F','13','FRI1','SO','CA99','MAM01','0-LC')
INSERT INTO ANIMALE VALUES ('GSP0148','M','2','FRI2','ILL','CA99','MAM01','0-LC')
INSERT INTO ANIMALE VALUES ('GSP0149','F','11','PIE1','GOOD','CA99','MAM01','0-LC')
INSERT INTO ANIMALE VALUES ('GSP0150','M','12','VAL1','WORST','CA99','MAM01','0-LC')
INSERT INTO ANIMALE VALUES ('GSP0151','F','8','TRE1','WORST','CA99','MAM01','0-LC')
INSERT INTO ANIMALE VALUES ('GSP0152','F','6','VEN1','ILL','CA99','MAM01','0-LC')
INSERT INTO ANIMALE VALUES ('GSP0153','M','6','FRI1','ILL','CA99','MAM01','0-LC')
INSERT INTO ANIMALE VALUES ('GSP0154','F','9','FRI2','ILL','CA99','MAM01','0-LC')
INSERT INTO ANIMALE VALUES ('GSP0155','M','11','LOM1','GOOD','CA99','MAM01','0-LC')
INSERT INTO ANIMALE VALUES ('GSP0156','F','12','PIE1','WORST','CA99','MAM01','0-LC')
INSERT INTO ANIMALE VALUES ('GSP0157','F','1','VAL1','WORST','CA99','MAM01','0-LC')
INSERT INTO ANIMALE VALUES ('GSP0158','M','11','TRE1','GOOD','CA99','MAM01','0-LC')
INSERT INTO ANIMALE VALUES ('GSP0159','F','5','VEN1','WGOOD','CA99','MAM01','0-LC')
INSERT INTO ANIMALE VALUES ('GSP0160','M','8','FRI1','WGOOD','CA99','MAM01','0-LC')
INSERT INTO ANIMALE VALUES ('GSP0161','F','13','FRI2','GOOD','CA99','MAM01','0-LC')
INSERT INTO ANIMALE VALUES ('GSP0162','F','9','LOM1','GOOD','CA99','MAM01','0-LC')
INSERT INTO ANIMALE VALUES ('GSP0163','M','1','PIE1','WGOOD','CA99','MAM01','0-LC')
INSERT INTO ANIMALE VALUES ('GSP0164','F','5','VAL1','WGOOD','CA99','MAM01','0-LC')
INSERT INTO ANIMALE VALUES ('GSP0165','M','1','TRE1','SO','CA99','MAM01','0-LC')
INSERT INTO ANIMALE VALUES ('GSP0166','F','4','VEN1','SO','CA99','MAM01','0-LC')
INSERT INTO ANIMALE VALUES ('GSP0167','F','13','FRI1','SO','CA99','MAM01','0-LC')
INSERT INTO ANIMALE VALUES ('GSP0168','M','6','FRI2','SO','CA99','MAM01','0-LC')
INSERT INTO ANIMALE VALUES ('GSP0169','F','11','LOM1','ILL','CA99','MAM01','0-LC')
INSERT INTO ANIMALE VALUES ('GSP0170','M','9','PIE1','SO','CA99','MAM01','0-LC')
INSERT INTO ANIMALE VALUES ('GSP0171','F','4','VAL1','ILL','CA99','MAM01','0-LC')
INSERT INTO ANIMALE VALUES ('GSP0172','F','3','TRE1','GOOD','CA99','MAM01','0-LC')
INSERT INTO ANIMALE VALUES ('GSP0173','M','13','VEN1','WORST','CA99','MAM01','0-LC')
INSERT INTO ANIMALE VALUES ('GSP0174','F','6','FRI1','WORST','CA99','MAM01','0-LC')
INSERT INTO ANIMALE VALUES ('GSP0175','M','10','FRI2','ILL','CA99','MAM01','0-LC')
INSERT INTO ANIMALE VALUES ('GSP0176','M','10','LOM1','ILL','CI89','MAM01','0-LC')
INSERT INTO ANIMALE VALUES ('GSP0177','M','1','LOM2','ILL','CI89','MAM01','0-LC')
INSERT INTO ANIMALE VALUES ('GSP0178','F','8','PIE1','GOOD','CI89','MAM01','0-LC')
INSERT INTO ANIMALE VALUES ('GSP0179','M','5','PIE2','WGOOD','CI89','MAM01','0-LC')
INSERT INTO ANIMALE VALUES ('GSP0180','F','8','VAL1','WGOOD','CI89','MAM01','0-LC')
INSERT INTO ANIMALE VALUES ('GSP0181','M','9','TRE1','WGOOD','CI89','MAM01','0-LC')
INSERT INTO ANIMALE VALUES ('GSP0182','M','6','TRE2','WGOOD','CI89','MAM01','0-LC')
INSERT INTO ANIMALE VALUES ('GSP0183','F','3','VEN1','WGOOD','CI89','MAM01','0-LC')
INSERT INTO ANIMALE VALUES ('GSP0184','M','7','VEN2','WGOOD','CI89','MAM01','0-LC')
INSERT INTO ANIMALE VALUES ('GSP0185','F','5','FRI1','WGOOD','CI89','MAM01','0-LC')
INSERT INTO ANIMALE VALUES ('GSP0186','M','1','FRI2','WGOOD','CI89','MAM01','0-LC')
INSERT INTO ANIMALE VALUES ('GSP0187','M','5','LIG1','WGOOD','CI89','MAM01','0-LC')
INSERT INTO ANIMALE VALUES ('GSP0188','F','10','LIG2','WORST','CI89','MAM01','0-LC')
INSERT INTO ANIMALE VALUES ('GSP0189','M','6','EMI1','SO','CI89','MAM01','0-LC')
INSERT INTO ANIMALE VALUES ('GSP0190','F','8','EMI2','SO','CI89','MAM01','0-LC')
INSERT INTO ANIMALE VALUES ('GSP0191','M','6','TOS1','SO','CI89','MAM01','0-LC')
INSERT INTO ANIMALE VALUES ('GSP0192','M','7','TOS2','SO','CI89','MAM01','0-LC')
INSERT INTO ANIMALE VALUES ('GSP0193','F','2','UMB1','GOOD','CI89','MAM01','0-LC')
INSERT INTO ANIMALE VALUES ('GSP0194','M','3','UMB2','GOOD','CI89','MAM01','0-LC')
INSERT INTO ANIMALE VALUES ('GSP0195','F','4','MAR2','ILL','CI89','MAM01','0-LC')
INSERT INTO ANIMALE VALUES ('GSP0196','M','2','MAR2','ILL','CI89','MAM01','0-LC')
INSERT INTO ANIMALE VALUES ('GSP0197','M','1','LAZ1','WGOOD','CI89','MAM01','0-LC')
INSERT INTO ANIMALE VALUES ('GSP0198','F','5','LAZ2','GOOD','CI89','MAM01','0-LC')
INSERT INTO ANIMALE VALUES ('GSP0199','M','10','ABR1','WGOOD','CI89','MAM01','0-LC')
INSERT INTO ANIMALE VALUES ('GSP0200','F','5','CAM1','WGOOD','CI89','MAM01','0-LC')
INSERT INTO ANIMALE VALUES ('GSP0201','M','6','CAM2','GOOD','CI89','MAM01','0-LC')
INSERT INTO ANIMALE VALUES ('GSP0202','M','9','PUG1','GOOD','CI89','MAM01','0-LC')
INSERT INTO ANIMALE VALUES ('GSP0203','F','4','PUG2','WGOOD','CI89','MAM01','0-LC')
INSERT INTO ANIMALE VALUES ('GSP0204','M','3','BAS1','WGOOD','CI89','MAM01','0-LC')
INSERT INTO ANIMALE VALUES ('GSP0205','F','4','BAS2','SO','CI89','MAM01','0-LC')
INSERT INTO ANIMALE VALUES ('GSP0206','M','2','CAL1','SO','CI89','MAM01','0-LC')
INSERT INTO ANIMALE VALUES ('GSP0207','M','1','SIC1','SO','CI89','MAM01','0-LC')
INSERT INTO ANIMALE VALUES ('GSP0208','F','4','SIC2','SO','CI89','MAM01','0-LC')
INSERT INTO ANIMALE VALUES ('GSP0209','M','6','SAR1','ILL','CI89','MAM01','0-LC')
INSERT INTO ANIMALE VALUES ('GSP0210','F','8','SAR2','SO','CI89','MAM01','0-LC')
INSERT INTO ANIMALE VALUES ('GSP0211','M','8','TOS1','ILL','CI89','MAM01','0-LC')
INSERT INTO ANIMALE VALUES ('GSP0212','M','9','TOS2','GOOD','CI89','MAM01','0-LC')
INSERT INTO ANIMALE VALUES ('GSP0213','F','4','UMB1','WORST','CI89','MAM01','0-LC')
INSERT INTO ANIMALE VALUES ('GSP0214','M','7','UMB2','WORST','CI89','MAM01','0-LC')
INSERT INTO ANIMALE VALUES ('GSP0215','F','8','MAR2','ILL','CI89','MAM01','0-LC')
INSERT INTO ANIMALE VALUES ('GSP0216','M','10','MAR2','ILL','CI89','MAM01','0-LC')
INSERT INTO ANIMALE VALUES ('GSP0217','M','3','LAZ1','ILL','CI89','MAM01','0-LC')
INSERT INTO ANIMALE VALUES ('GSP0218','F','4','LAZ2','WGOOD','CI89','MAM01','0-LC')
INSERT INTO ANIMALE VALUES ('GSP0219','M','1','ABR1','GOOD','CI89','MAM01','0-LC')
INSERT INTO ANIMALE VALUES ('GSP0220','F','2','CAM1','WGOOD','CI89','MAM01','0-LC')
INSERT INTO ANIMALE VALUES ('GSP0221','M','9','CAM2','WGOOD','CI89','MAM01','0-LC')
INSERT INTO ANIMALE VALUES ('GSP0222','M','1','PUG1','GOOD','CI89','MAM01','0-LC')
INSERT INTO ANIMALE VALUES ('GSP0223','F','10','PUG2','GOOD','CI89','MAM01','0-LC')
INSERT INTO ANIMALE VALUES ('GSP0224','M','3','BAS1','WGOOD','CI89','MAM01','0-LC')
INSERT INTO ANIMALE VALUES ('GSP0225','F','5','BAS2','WGOOD','CI89','MAM01','0-LC')
INSERT INTO ANIMALE VALUES ('GSP0226','M','7','CAL1','SO','CI89','MAM01','0-LC')
INSERT INTO ANIMALE VALUES ('GSP0227','M','9','SIC1','SO','CI89','MAM01','0-LC')
INSERT INTO ANIMALE VALUES ('GSP0228','F','9','SIC2','SO','CI89','MAM01','0-LC')
INSERT INTO ANIMALE VALUES ('GSP0229','M','4','SAR1','SO','CI89','MAM01','0-LC')
INSERT INTO ANIMALE VALUES ('GSP0230','F','2','SAR2','ILL','CI89','MAM01','0-LC')
INSERT INTO ANIMALE VALUES ('GSP0231','M','8','LOM1','SO','CI89','MAM01','0-LC')
INSERT INTO ANIMALE VALUES ('GSP0232','M','7','LOM2','WGOOD','CI89','MAM01','0-LC')
INSERT INTO ANIMALE VALUES ('GSP0233','F','9','PIE1','GOOD','CI89','MAM01','0-LC')
INSERT INTO ANIMALE VALUES ('GSP0234','M','8','PIE2','WGOOD','CI89','MAM01','0-LC')
INSERT INTO ANIMALE VALUES ('GSP0235','F','3','VAL1','WGOOD','CI89','MAM01','0-LC')
INSERT INTO ANIMALE VALUES ('GSP0236','M','6','TRE1','GOOD','CI89','MAM01','0-LC')
INSERT INTO ANIMALE VALUES ('GSP0237','M','10','TRE2','GOOD','CI89','MAM01','0-LC')
INSERT INTO ANIMALE VALUES ('GSP0238','F','3','VEN1','WGOOD','CI89','MAM01','0-LC')
INSERT INTO ANIMALE VALUES ('GSP0239','M','2','VEN2','WGOOD','CI89','MAM01','0-LC')
INSERT INTO ANIMALE VALUES ('GSP0240','F','5','FRI1','SO','CI89','MAM01','0-LC')
INSERT INTO ANIMALE VALUES ('GSP0241','M','5','FRI2','SO','CI89','MAM01','0-LC')
INSERT INTO ANIMALE VALUES ('GSP0242','M','7','LIG1','SO','CI89','MAM01','0-LC')
INSERT INTO ANIMALE VALUES ('GSP0243','F','7','LIG2','SO','CI89','MAM01','0-LC')
INSERT INTO ANIMALE VALUES ('GSP0244','M','8','EMI1','ILL','CI89','MAM01','0-LC')
INSERT INTO ANIMALE VALUES ('GSP0245','F','9','EMI2','SO','CI89','MAM01','0-LC')
INSERT INTO ANIMALE VALUES ('GSP0246','M','4','ABR1','ILL','CI89','MAM01','0-LC')
INSERT INTO ANIMALE VALUES ('GSP0247','M','8','CAM1','GOOD','CI89','MAM01','0-LC')
INSERT INTO ANIMALE VALUES ('GSP0248','F','1','CAM2','WORST','CI89','MAM01','0-LC')
INSERT INTO ANIMALE VALUES ('GSP0249','M','10','PUG1','WORST','CI89','MAM01','0-LC')
INSERT INTO ANIMALE VALUES ('GSP0250','F','9','PUG2','ILL','CI89','MAM01','0-LC')
INSERT INTO ANIMALE VALUES ('GSP0251','M','2','BAS1','ILL','CI89','MAM01','0-LC')
INSERT INTO ANIMALE VALUES ('GSP0252','M','7','BAS2','ILL','CI89','MAM01','0-LC')
INSERT INTO ANIMALE VALUES ('GSP0253','F','1','CAL1','GOOD','CI89','MAM01','0-LC')
INSERT INTO ANIMALE VALUES ('GSP0254','M','9','SIC1','WORST','CI89','MAM01','0-LC')
INSERT INTO ANIMALE VALUES ('GSP0255','F','3','SIC2','WORST','CI89','MAM01','0-LC')
INSERT INTO ANIMALE VALUES ('GSP0256','F','25','LIG2','GOOD','DE12','MAM01','3-EN')
INSERT INTO ANIMALE VALUES ('GSP0257','M','44','PUG1','WGOOD','DE12','MAM01','3-EN')
INSERT INTO ANIMALE VALUES ('GSP0258','M','1','LIG2','WGOOD','DE12','MAM01','3-EN')
INSERT INTO ANIMALE VALUES ('GSP0259','M','32','PUG1','GOOD','DE12','MAM01','3-EN')
INSERT INTO ANIMALE VALUES ('GSP0260','F','18','LIG2','GOOD','DE12','MAM01','3-EN')
INSERT INTO ANIMALE VALUES ('GSP0261','F','8','LIG2','WGOOD','DE12','MAM01','3-EN')
INSERT INTO ANIMALE VALUES ('GSP0262','M','49','LIG2','WGOOD','DE12','MAM01','3-EN')
INSERT INTO ANIMALE VALUES ('GSP0263','F','15','PUG1','SO','DE12','MAM01','3-EN')
INSERT INTO ANIMALE VALUES ('GSP0264','F','35','LIG2','SO','DE12','MAM01','3-EN')
INSERT INTO ANIMALE VALUES ('GSP0265','M','24','PUG1','SO','DE12','MAM01','3-EN')
INSERT INTO ANIMALE VALUES ('GSP0266','M','42','LIG2','SO','DE12','MAM01','3-EN')
INSERT INTO ANIMALE VALUES ('GSP0267','M','18','PUG1','ILL','DE12','MAM01','3-EN')
INSERT INTO ANIMALE VALUES ('GSP0268','F','18','LIG2','SO','DE12','MAM01','3-EN')
INSERT INTO ANIMALE VALUES ('GSP0269','F','46','LIG2','ILL','DE12','MAM01','3-EN')
INSERT INTO ANIMALE VALUES ('GSP0270','M','11','LIG2','GOOD','DE12','MAM01','3-EN')
INSERT INTO ANIMALE VALUES ('GSP0271','F','37','PUG1','WORST','DE12','MAM01','3-EN')
INSERT INTO ANIMALE VALUES ('GSP0272','F','48','PUG1','WORST','DE12','MAM01','3-EN')
INSERT INTO ANIMALE VALUES ('GSP0273','M','33','PUG1','ILL','DE12','MAM01','3-EN')
INSERT INTO ANIMALE VALUES ('GSP0274','M','42','LIG2','ILL','DE12','MAM01','3-EN')
INSERT INTO ANIMALE VALUES ('GSP0275','M','32','PUG1','ILL','DE12','MAM01','3-EN')
INSERT INTO ANIMALE VALUES ('GSP0276','F','12','LIG2','GOOD','DE12','MAM01','3-EN')
INSERT INTO ANIMALE VALUES ('GSP0277','F','44','PUG1','WGOOD','DE12','MAM01','3-EN')
INSERT INTO ANIMALE VALUES ('GSP0278','M','24','LIG2','WGOOD','DE12','MAM01','3-EN')
INSERT INTO ANIMALE VALUES ('GSP0279','F','29','PUG1','WGOOD','DE12','MAM01','3-EN')
INSERT INTO ANIMALE VALUES ('GSP0280','F','8','LIG2','WGOOD','DE12','MAM01','3-EN')
INSERT INTO ANIMALE VALUES ('GSP0281','M','30','PUG1','WGOOD','DE12','MAM01','3-EN')
INSERT INTO ANIMALE VALUES ('GSP0282','M','25','LIG2','WGOOD','DE12','MAM01','3-EN')
INSERT INTO ANIMALE VALUES ('GSP0283','M','26','LIG2','WGOOD','DE12','MAM01','3-EN')
INSERT INTO ANIMALE VALUES ('GSP0284','F','1','LIG2','WGOOD','DE12','MAM01','3-EN')
INSERT INTO ANIMALE VALUES ('GSP0285','F','24','PUG1','WGOOD','DE12','MAM01','3-EN')
INSERT INTO ANIMALE VALUES ('GSP0286','M','35','LIG2','WORST','DE12','MAM01','3-EN')
INSERT INTO ANIMALE VALUES ('GSP0287','F','9','PUG1','SO','DE12','MAM01','3-EN')
INSERT INTO ANIMALE VALUES ('GSP0288','F','7','LIG2','SO','DE12','MAM01','3-EN')
INSERT INTO ANIMALE VALUES ('GSP0289','M','12','PUG1','SO','DE12','MAM01','3-EN')
INSERT INTO ANIMALE VALUES ('GSP0290','M','47','LIG2','SO','DE12','MAM01','3-EN')
INSERT INTO ANIMALE VALUES ('GSP0291','M','26','LIG2','GOOD','DE12','MAM01','3-EN')
INSERT INTO ANIMALE VALUES ('GSP0292','F','31','LIG2','GOOD','DE12','MAM01','3-EN')
INSERT INTO ANIMALE VALUES ('GSP0293','F','37','LIG2','ILL','DE12','MAM01','3-EN')
INSERT INTO ANIMALE VALUES ('GSP0294','M','12','PUG1','ILL','DE12','MAM01','3-EN')
INSERT INTO ANIMALE VALUES ('GSP0295','F','3','LIG2','GOOD','DE12','MAM01','3-EN')
INSERT INTO ANIMALE VALUES ('GSP0384','M','6','LOM1','WGOOD','LU01','MAM01','0-LC')
INSERT INTO ANIMALE VALUES ('GSP0385','M','3','LOM2','WGOOD','LU01','MAM01','0-LC')
INSERT INTO ANIMALE VALUES ('GSP0386','F','3','PIE1','WGOOD','LU01','MAM01','0-LC')
INSERT INTO ANIMALE VALUES ('GSP0387','F','15','PIE2','WGOOD','LU01','MAM01','0-LC')
INSERT INTO ANIMALE VALUES ('GSP0388','F','8','VAL1','WGOOD','LU01','MAM01','0-LC')
INSERT INTO ANIMALE VALUES ('GSP0389','F','10','TRE1','WGOOD','LU01','MAM01','0-LC')
INSERT INTO ANIMALE VALUES ('GSP0390','F','12','TRE2','WGOOD','LU01','MAM01','0-LC')
INSERT INTO ANIMALE VALUES ('GSP0391','M','2','VEN1','WGOOD','LU01','MAM01','0-LC')
INSERT INTO ANIMALE VALUES ('GSP0392','M','9','VEN2','WGOOD','LU01','MAM01','0-LC')
INSERT INTO ANIMALE VALUES ('GSP0393','M','3','FRI1','WORST','LU01','MAM01','0-LC')
INSERT INTO ANIMALE VALUES ('GSP0394','M','7','FRI2','SO','LU01','MAM01','0-LC')
INSERT INTO ANIMALE VALUES ('GSP0395','F','2','LIG1','SO','LU01','MAM01','0-LC')
INSERT INTO ANIMALE VALUES ('GSP0396','F','8','LIG2','SO','LU01','MAM01','0-LC')
INSERT INTO ANIMALE VALUES ('GSP0397','F','4','EMI1','SO','LU01','MAM01','0-LC')
INSERT INTO ANIMALE VALUES ('GSP0398','F','7','EMI2','GOOD','LU01','MAM01','0-LC')
INSERT INTO ANIMALE VALUES ('GSP0399','F','6','TOS1','GOOD','LU01','MAM01','0-LC')
INSERT INTO ANIMALE VALUES ('GSP0400','M','5','TOS2','ILL','LU01','MAM01','0-LC')
INSERT INTO ANIMALE VALUES ('GSP0401','M','10','UMB1','ILL','LU01','MAM01','0-LC')
INSERT INTO ANIMALE VALUES ('GSP0402','M','8','UMB2','ILL','LU01','MAM01','0-LC')
INSERT INTO ANIMALE VALUES ('GSP0403','M','1','MAR2','SO','LU01','MAM01','0-LC')
INSERT INTO ANIMALE VALUES ('GSP0404','F','8','MAR2','SO','LU01','MAM01','0-LC')
INSERT INTO ANIMALE VALUES ('GSP0405','F','9','LAZ1','SO','LU01','MAM01','0-LC')
INSERT INTO ANIMALE VALUES ('GSP0406','F','11','LAZ2','GOOD','LU01','MAM01','0-LC')
INSERT INTO ANIMALE VALUES ('GSP0407','F','14','ABR1','GOOD','LU01','MAM01','0-LC')
INSERT INTO ANIMALE VALUES ('GSP0408','F','14','CAM1','GOOD','LU01','MAM01','0-LC')
INSERT INTO ANIMALE VALUES ('GSP0409','M','4','CAM2','WGOOD','LU01','MAM01','0-LC')
INSERT INTO ANIMALE VALUES ('GSP0410','M','7','PUG1','WGOOD','LU01','MAM01','0-LC')
INSERT INTO ANIMALE VALUES ('GSP0411','M','13','PUG2','WGOOD','LU01','MAM01','0-LC')
INSERT INTO ANIMALE VALUES ('GSP0412','M','11','BAS1','WGOOD','LU01','MAM01','0-LC')
INSERT INTO ANIMALE VALUES ('GSP0413','F','5','BAS2','WGOOD','LU01','MAM01','0-LC')
INSERT INTO ANIMALE VALUES ('GSP0414','F','6','CAL1','WGOOD','LU01','MAM01','0-LC')
INSERT INTO ANIMALE VALUES ('GSP0415','F','7','SIC1','WGOOD','LU01','MAM01','0-LC')
INSERT INTO ANIMALE VALUES ('GSP0416','F','10','SIC2','WGOOD','LU01','MAM01','0-LC')
INSERT INTO ANIMALE VALUES ('GSP0417','F','1','SAR1','WGOOD','LU01','MAM01','0-LC')
INSERT INTO ANIMALE VALUES ('GSP0418','M','7','SAR2','WORST','LU01','MAM01','0-LC')
INSERT INTO ANIMALE VALUES ('GSP0419','M','3','LOM1','SO','LU01','MAM01','0-LC')
INSERT INTO ANIMALE VALUES ('GSP0420','M','10','LOM2','SO','LU01','MAM01','0-LC')
INSERT INTO ANIMALE VALUES ('GSP0421','M','1','PIE1','SO','LU01','MAM01','0-LC')
INSERT INTO ANIMALE VALUES ('GSP0422','F','11','PIE2','SO','LU01','MAM01','0-LC')
INSERT INTO ANIMALE VALUES ('GSP0423','F','12','VAL1','GOOD','LU01','MAM01','0-LC')
INSERT INTO ANIMALE VALUES ('GSP0424','F','9','TRE1','GOOD','LU01','MAM01','0-LC')
INSERT INTO ANIMALE VALUES ('GSP0425','F','8','TRE2','ILL','LU01','MAM01','0-LC')
INSERT INTO ANIMALE VALUES ('GSP0426','F','13','VEN1','ILL','LU01','MAM01','0-LC')
INSERT INTO ANIMALE VALUES ('GSP0427','M','12','VEN2','ILL','LU01','MAM01','0-LC')
INSERT INTO ANIMALE VALUES ('GSP0428','M','4','FRI1','SO','LU01','MAM01','0-LC')
INSERT INTO ANIMALE VALUES ('GSP0429','M','6','FRI2','SO','LU01','MAM01','0-LC')
INSERT INTO ANIMALE VALUES ('GSP0430','M','11','LIG1','SO','LU01','MAM01','0-LC')
INSERT INTO ANIMALE VALUES ('GSP0431','F','10','LIG2','GOOD','LU01','MAM01','0-LC')
INSERT INTO ANIMALE VALUES ('GSP0432','F','9','EMI1','GOOD','LU01','MAM01','0-LC')
INSERT INTO ANIMALE VALUES ('GSP0433','F','15','EMI2','GOOD','LU01','MAM01','0-LC')
INSERT INTO ANIMALE VALUES ('GSP0434','F','5','TOS1','WGOOD','LU01','MAM01','0-LC')
INSERT INTO ANIMALE VALUES ('GSP0435','F','14','TOS2','WGOOD','LU01','MAM01','0-LC')
INSERT INTO ANIMALE VALUES ('GSP0436','M','4','UMB1','WGOOD','LU01','MAM01','0-LC')
INSERT INTO ANIMALE VALUES ('GSP0437','M','8','UMB2','WGOOD','LU01','MAM01','0-LC')
INSERT INTO ANIMALE VALUES ('GSP0438','M','7','MAR2','WGOOD','LU01','MAM01','0-LC')
INSERT INTO ANIMALE VALUES ('GSP0439','M','14','MAR2','WGOOD','LU01','MAM01','0-LC')
INSERT INTO ANIMALE VALUES ('GSP0440','F','1','LAZ1','WGOOD','LU01','MAM01','0-LC')
INSERT INTO ANIMALE VALUES ('GSP0441','F','6','LAZ2','WGOOD','LU01','MAM01','0-LC')
INSERT INTO ANIMALE VALUES ('GSP0442','F','1','ABR1','WGOOD','LU01','MAM01','0-LC')
INSERT INTO ANIMALE VALUES ('GSP0443','F','14','CAM1','WORST','LU01','MAM01','0-LC')
INSERT INTO ANIMALE VALUES ('GSP0444','F','4','CAM2','SO','LU01','MAM01','0-LC')
INSERT INTO ANIMALE VALUES ('GSP0445','M','10','PUG1','SO','LU01','MAM01','0-LC')
INSERT INTO ANIMALE VALUES ('GSP0446','M','3','PUG2','SO','LU01','MAM01','0-LC')
INSERT INTO ANIMALE VALUES ('GSP0447','M','12','BAS1','SO','LU01','MAM01','0-LC')
INSERT INTO ANIMALE VALUES ('GSP0448','M','7','BAS2','GOOD','LU01','MAM01','0-LC')
INSERT INTO ANIMALE VALUES ('GSP0449','F','13','CAL1','GOOD','LU01','MAM01','0-LC')
INSERT INTO ANIMALE VALUES ('GSP0450','F','4','SIC1','ILL','LU01','MAM01','0-LC')
INSERT INTO ANIMALE VALUES ('GSP0451','F','5','SIC2','ILL','LU01','MAM01','0-LC')
INSERT INTO ANIMALE VALUES ('GSP0452','F','15','SAR1','ILL','LU01','MAM01','0-LC')
INSERT INTO ANIMALE VALUES ('GSP0453','F','11','SAR2','WORST','LU01','MAM01','0-LC')
INSERT INTO ANIMALE VALUES ('GSP0454','M','7','CAL1','SO','LU01','MAM01','0-LC')
INSERT INTO ANIMALE VALUES ('GSP0455','M','11','CAL1','SO','LU01','MAM01','0-LC')
INSERT INTO ANIMALE VALUES ('GSP0612','M','5','VAL1','GOOD','OR02','MAM01','4-CR')
INSERT INTO ANIMALE VALUES ('GSP0613','M','3','TRE1','WGOOD','OR02','MAM01','4-CR')
INSERT INTO ANIMALE VALUES ('GSP0614','M','8','TRE2','WGOOD','OR02','MAM01','4-CR')
INSERT INTO ANIMALE VALUES ('GSP0615','M','4','VEN1','WGOOD','OR02','MAM01','4-CR')
INSERT INTO ANIMALE VALUES ('GSP0616','M','3','FRI1','WGOOD','OR02','MAM01','4-CR')
INSERT INTO ANIMALE VALUES ('GSP0617','F','13','FRI2','WGOOD','OR02','MAM01','4-CR')
INSERT INTO ANIMALE VALUES ('GSP0618','F','27','TOS1','WGOOD','OR02','MAM01','4-CR')
INSERT INTO ANIMALE VALUES ('GSP0619','M','19','TOS2','WGOOD','OR02','MAM01','4-CR')
INSERT INTO ANIMALE VALUES ('GSP0620','M','7','VAL1','WGOOD','OR02','MAM01','4-CR')
INSERT INTO ANIMALE VALUES ('GSP0621','M','19','TRE1','WGOOD','OR02','MAM01','4-CR')
INSERT INTO ANIMALE VALUES ('GSP0622','M','10','TRE2','WORST','OR02','MAM01','4-CR')
INSERT INTO ANIMALE VALUES ('GSP0623','M','27','VEN1','SO','OR02','MAM01','4-CR')
INSERT INTO ANIMALE VALUES ('GSP0624','M','10','FRI1','SO','OR02','MAM01','4-CR')
INSERT INTO ANIMALE VALUES ('GSP0625','M','7','FRI2','SO','OR02','MAM01','4-CR')
INSERT INTO ANIMALE VALUES ('GSP0626','F','26','TOS1','SO','OR02','MAM01','4-CR')
INSERT INTO ANIMALE VALUES ('GSP0627','F','1','TOS2','GOOD','OR02','MAM01','4-CR')
INSERT INTO ANIMALE VALUES ('GSP0628','M','27','TRE1','GOOD','OR02','MAM01','4-CR')
INSERT INTO ANIMALE VALUES ('GSP0629','M','26','TRE2','ILL','OR02','MAM01','4-CR')
INSERT INTO ANIMALE VALUES ('GSP0630','M','28','VEN1','ILL','OR02','MAM01','4-CR')
INSERT INTO ANIMALE VALUES ('GSP0631','M','3','FRI1','ILL','OR02','MAM01','4-CR')
INSERT INTO ANIMALE VALUES ('GSP0632','M','18','FRI2','SO','OR02','MAM01','4-CR')
INSERT INTO ANIMALE VALUES ('GSP0633','M','23','TOS1','SO','OR02','MAM01','4-CR')
INSERT INTO ANIMALE VALUES ('GSP0634','M','9','TOS2','SO','OR02','MAM01','4-CR')
INSERT INTO ANIMALE VALUES ('GSP0635','F','26','VAL1','GOOD','OR02','MAM01','4-CR')
INSERT INTO ANIMALE VALUES ('GSP0636','F','18','TOS1','GOOD','OR02','MAM01','4-CR')
INSERT INTO ANIMALE VALUES ('GSP0637','M','11','TOS2','GOOD','OR02','MAM01','4-CR')
INSERT INTO ANIMALE VALUES ('GSP0638','M','4','VAL1','WGOOD','OR02','MAM01','4-CR')
INSERT INTO ANIMALE VALUES ('GSP0639','M','28','TRE1','WGOOD','OR02','MAM01','4-CR')
INSERT INTO ANIMALE VALUES ('GSP0640','M','20','TRE2','WGOOD','OR02','MAM01','4-CR')
INSERT INTO ANIMALE VALUES ('GSP0641','M','26','VEN1','WGOOD','OR02','MAM01','4-CR')
INSERT INTO ANIMALE VALUES ('GSP0642','M','25','FRI1','WGOOD','OR02','MAM01','4-CR')
INSERT INTO ANIMALE VALUES ('GSP0643','M','30','FRI2','WGOOD','OR02','MAM01','4-CR')
INSERT INTO ANIMALE VALUES ('GSP0644','F','25','TOS1','WGOOD','OR02','MAM01','4-CR')
INSERT INTO ANIMALE VALUES ('GSP0645','F','8','TOS2','WGOOD','OR02','MAM01','4-CR')
INSERT INTO ANIMALE VALUES ('GSP0646','M','22','VAL1','WGOOD','OR02','MAM01','4-CR')
INSERT INTO ANIMALE VALUES ('GSP0647','M','25','TOS1','WORST','OR02','MAM01','4-CR')
INSERT INTO ANIMALE VALUES ('GSP0760','F','5','LOM1','GOOD','SC04','MAM01','2-VU')
INSERT INTO ANIMALE VALUES ('GSP0761','F','4','LOM2','WGOOD','SC04','MAM01','2-VU')
INSERT INTO ANIMALE VALUES ('GSP0762','F','5','PIE1','WGOOD','SC04','MAM01','2-VU')
INSERT INTO ANIMALE VALUES ('GSP0763','M','3','PIE2','WGOOD','SC04','MAM01','2-VU')
INSERT INTO ANIMALE VALUES ('GSP0764','M','5','VAL1','WGOOD','SC04','MAM01','2-VU')
INSERT INTO ANIMALE VALUES ('GSP0765','F','7','TRE1','WGOOD','SC04','MAM01','2-VU')
INSERT INTO ANIMALE VALUES ('GSP0766','F','4','TRE2','WGOOD','SC04','MAM01','2-VU')
INSERT INTO ANIMALE VALUES ('GSP0767','F','2','VEN1','WGOOD','SC04','MAM01','2-VU')
INSERT INTO ANIMALE VALUES ('GSP0768','M','3','VEN2','WGOOD','SC04','MAM01','2-VU')
INSERT INTO ANIMALE VALUES ('GSP0769','M','1','FRI1','WGOOD','SC04','MAM01','2-VU')
INSERT INTO ANIMALE VALUES ('GSP0770','F','4','FRI2','WORST','SC04','MAM01','2-VU')
INSERT INTO ANIMALE VALUES ('GSP0771','F','7','LIG1','ILL','SC04','MAM01','2-VU')
INSERT INTO ANIMALE VALUES ('GSP0772','F','2','LIG2','ILL','SC04','MAM01','2-VU')
INSERT INTO ANIMALE VALUES ('GSP0773','M','3','EMI1','ILL','SC04','MAM01','2-VU')
INSERT INTO ANIMALE VALUES ('GSP0774','M','4','EMI2','SO','SC04','MAM01','2-VU')
INSERT INTO ANIMALE VALUES ('GSP0775','F','6','TOS1','SO','SC04','MAM01','2-VU')
INSERT INTO ANIMALE VALUES ('GSP0776','F','6','TOS2','SO','SC04','MAM01','2-VU')
INSERT INTO ANIMALE VALUES ('GSP0777','F','6','UMB1','GOOD','SC04','MAM01','2-VU')
INSERT INTO ANIMALE VALUES ('GSP0778','M','7','UMB2','GOOD','SC04','MAM01','2-VU')
INSERT INTO ANIMALE VALUES ('GSP0779','M','1','MAR2','GOOD','SC04','MAM01','2-VU')
INSERT INTO ANIMALE VALUES ('GSP0780','F','1','MAR2','WGOOD','SC04','MAM01','2-VU')
INSERT INTO ANIMALE VALUES ('GSP0781','F','5','LAZ1','WGOOD','SC04','MAM01','2-VU')
INSERT INTO ANIMALE VALUES ('GSP0782','F','6','LAZ2','WGOOD','SC04','MAM01','2-VU')
INSERT INTO ANIMALE VALUES ('GSP0783','M','2','ABR1','WGOOD','SC04','MAM01','2-VU')
INSERT INTO ANIMALE VALUES ('GSP0784','M','1','CAM1','WGOOD','SC04','MAM01','2-VU')
INSERT INTO ANIMALE VALUES ('GSP0785','F','1','CAM2','WGOOD','SC04','MAM01','2-VU')
INSERT INTO ANIMALE VALUES ('GSP0786','F','7','PUG1','WGOOD','SC04','MAM01','2-VU')
INSERT INTO ANIMALE VALUES ('GSP0787','F','4','PUG2','WGOOD','SC04','MAM01','2-VU')
INSERT INTO ANIMALE VALUES ('GSP0788','M','7','BAS1','WGOOD','SC04','MAM01','2-VU')
INSERT INTO ANIMALE VALUES ('GSP0789','M','6','BAS2','WORST','SC04','MAM01','2-VU')
INSERT INTO ANIMALE VALUES ('GSP0790','F','7','CAL1','ILL','SC04','MAM01','2-VU')
INSERT INTO ANIMALE VALUES ('GSP0791','F','2','UMB1','ILL','SC04','MAM01','2-VU')
INSERT INTO ANIMALE VALUES ('GSP0792','F','6','UMB2','ILL','SC04','MAM01','2-VU')
INSERT INTO ANIMALE VALUES ('GSP0793','M','4','MAR2','SO','SC04','MAM01','2-VU')
INSERT INTO ANIMALE VALUES ('GSP0794','M','1','MAR2','SO','SC04','MAM01','2-VU')
INSERT INTO ANIMALE VALUES ('GSP0795','F','1','LAZ1','SO','SC04','MAM01','2-VU')
INSERT INTO ANIMALE VALUES ('GSP0796','F','5','LAZ2','GOOD','SC04','MAM01','2-VU')
INSERT INTO ANIMALE VALUES ('GSP0797','F','5','ABR1','GOOD','SC04','MAM01','2-VU')
INSERT INTO ANIMALE VALUES ('GSP0798','M','1','LOM1','GOOD','SC04','MAM01','2-VU')
INSERT INTO ANIMALE VALUES ('GSP0799','M','1','LOM2','WGOOD','SC04','MAM01','2-VU')
INSERT INTO ANIMALE VALUES ('GSP0800','F','3','VAL1','WGOOD','ST31','MAM01','0-LC')
INSERT INTO ANIMALE VALUES ('GSP0801','M','12','TRE1','WGOOD','ST31','MAM01','0-LC')
INSERT INTO ANIMALE VALUES ('GSP0802','F','11','FRI1','WGOOD','ST31','MAM01','0-LC')
INSERT INTO ANIMALE VALUES ('GSP0803','F','1','FRI2','WGOOD','ST31','MAM01','0-LC')
INSERT INTO ANIMALE VALUES ('GSP0804','F','12','LIG2','WGOOD','ST31','MAM01','0-LC')
INSERT INTO ANIMALE VALUES ('GSP0805','M','3','TOS1','WGOOD','ST31','MAM01','0-LC')
INSERT INTO ANIMALE VALUES ('GSP0806','F','3','TOS2','WGOOD','ST31','MAM01','0-LC')
INSERT INTO ANIMALE VALUES ('GSP0807','F','9','FRI2','WGOOD','ST31','MAM01','0-LC')
INSERT INTO ANIMALE VALUES ('GSP0808','F','6','LIG2','WGOOD','ST31','MAM01','0-LC')
INSERT INTO ANIMALE VALUES ('GSP0809','M','2','TOS1','GOOD','ST31','MAM01','0-LC')
INSERT INTO ANIMALE VALUES ('GSP0810','F','2','TOS2','GOOD','ST31','MAM01','0-LC')
INSERT INTO ANIMALE VALUES ('GSP0811','F','1','VAL1','GOOD','ST31','MAM01','0-LC')
INSERT INTO ANIMALE VALUES ('GSP0812','F','1','TRE1','WORST','ST31','MAM01','0-LC')
INSERT INTO ANIMALE VALUES ('GSP0813','M','16','FRI1','ILL','ST31','MAM01','0-LC')
INSERT INTO ANIMALE VALUES ('GSP0814','F','13','VAL1','ILL','ST31','MAM01','0-LC')
INSERT INTO ANIMALE VALUES ('GSP0815','F','12','TRE1','ILL','ST31','MAM01','0-LC')
INSERT INTO ANIMALE VALUES ('GSP0816','F','8','FRI1','SO','ST31','MAM01','0-LC')
INSERT INTO ANIMALE VALUES ('GSP0817','M','6','FRI2','SO','ST31','MAM01','0-LC')
INSERT INTO ANIMALE VALUES ('GSP0818','F','9','LIG2','SO','ST31','MAM01','0-LC')
INSERT INTO ANIMALE VALUES ('GSP0819','F','14','TOS1','GOOD','ST31','MAM01','0-LC')
INSERT INTO ANIMALE VALUES ('GSP0820','F','4','TOS2','GOOD','ST31','MAM01','0-LC')
INSERT INTO ANIMALE VALUES ('GSP0821','M','16','VAL1','GOOD','ST31','MAM01','0-LC')
INSERT INTO ANIMALE VALUES ('GSP0822','F','16','TRE1','WGOOD','ST31','MAM01','0-LC')
INSERT INTO ANIMALE VALUES ('GSP0823','F','3','FRI1','WGOOD','ST31','MAM01','0-LC')
INSERT INTO ANIMALE VALUES ('GSP0824','F','4','FRI2','WGOOD','ST31','MAM01','0-LC')
INSERT INTO ANIMALE VALUES ('GSP0825','M','6','LIG2','WGOOD','ST31','MAM01','0-LC')
INSERT INTO ANIMALE VALUES ('GSP0826','F','4','TOS1','WGOOD','ST31','MAM01','0-LC')
INSERT INTO ANIMALE VALUES ('GSP0827','F','7','TOS2','WGOOD','ST31','MAM01','0-LC')
INSERT INTO ANIMALE VALUES ('GSP0828','F','9','FRI2','WGOOD','ST31','MAM01','0-LC')
INSERT INTO ANIMALE VALUES ('GSP0829','M','5','LIG2','WGOOD','ST31','MAM01','0-LC')
INSERT INTO ANIMALE VALUES ('GSP0830','F','9','TOS1','WGOOD','ST31','MAM01','0-LC')
INSERT INTO ANIMALE VALUES ('GSP0831','F','9','TOS2','WGOOD','ST31','MAM01','0-LC')
INSERT INTO ANIMALE VALUES ('GSP0832','F','15','VAL1','GOOD','ST31','MAM01','0-LC')
INSERT INTO ANIMALE VALUES ('GSP0833','M','1','TRE1','GOOD','ST31','MAM01','0-LC')
INSERT INTO ANIMALE VALUES ('GSP0834','F','6','FRI1','GOOD','ST31','MAM01','0-LC')
INSERT INTO ANIMALE VALUES ('GSP0835','F','13','VAL1','WORST','ST31','MAM01','0-LC')
INSERT INTO ANIMALE VALUES ('GSP0836','F','14','TRE1','ILL','ST31','MAM01','0-LC')
INSERT INTO ANIMALE VALUES ('GSP0837','M','2','FRI1','ILL','ST31','MAM01','0-LC')
INSERT INTO ANIMALE VALUES ('GSP0838','F','8','FRI2','ILL','ST31','MAM01','0-LC')
INSERT INTO ANIMALE VALUES ('GSP0839','F','12','LIG2','SO','ST31','MAM01','0-LC')
INSERT INTO ANIMALE VALUES ('GSP0840','F','2','TOS1','SO','ST31','MAM01','0-LC')
INSERT INTO ANIMALE VALUES ('GSP0841','M','11','TOS2','SO','ST31','MAM01','0-LC')
INSERT INTO ANIMALE VALUES ('GSP0842','F','7','VAL1','GOOD','ST31','MAM01','0-LC')
INSERT INTO ANIMALE VALUES ('GSP0843','F','16','TRE1','GOOD','ST31','MAM01','0-LC')
INSERT INTO ANIMALE VALUES ('GSP0844','F','6','FRI1','GOOD','ST31','MAM01','0-LC')
INSERT INTO ANIMALE VALUES ('GSP0845','M','1','FRI2','WGOOD','ST31','MAM01','0-LC')
INSERT INTO ANIMALE VALUES ('GSP0846','F','8','LIG2','WGOOD','ST31','MAM01','0-LC')
INSERT INTO ANIMALE VALUES ('GSP0847','F','12','TOS1','WGOOD','ST31','MAM01','0-LC')
INSERT INTO ANIMALE VALUES ('GSP0848','F','15','TOS2','WGOOD','ST31','MAM01','0-LC')
INSERT INTO ANIMALE VALUES ('GSP0849','M','4','TOS1','WGOOD','ST31','MAM01','0-LC')
INSERT INTO ANIMALE VALUES ('GSP0850','F','8','TOS2','WGOOD','ST31','MAM01','0-LC')
INSERT INTO ANIMALE VALUES ('GSP0851','F','3','FRI2','WGOOD','ST31','MAM01','0-LC')
INSERT INTO ANIMALE VALUES ('GSP0852','F','6','LIG2','WGOOD','ST31','MAM01','0-LC')
INSERT INTO ANIMALE VALUES ('GSP0853','M','15','TOS1','WGOOD','ST31','MAM01','0-LC')
INSERT INTO ANIMALE VALUES ('GSP0854','F','7','TOS2','WGOOD','ST31','MAM01','0-LC')
INSERT INTO ANIMALE VALUES ('GSP0855','F','4','VAL1','GOOD','ST31','MAM01','0-LC')
INSERT INTO ANIMALE VALUES ('GSP0856','F','16','TRE1','GOOD','ST31','MAM01','0-LC')
INSERT INTO ANIMALE VALUES ('GSP0857','M','7','FRI1','GOOD','ST31','MAM01','0-LC')
INSERT INTO ANIMALE VALUES ('GSP0858','F','13','LIG2','ILL','ST31','MAM01','0-LC')
INSERT INTO ANIMALE VALUES ('GSP0859','F','14','TOS1','ILL','ST31','MAM01','0-LC')
INSERT INTO ANIMALE VALUES ('GSP0860','F','1','TOS2','ILL','ST31','MAM01','0-LC')
INSERT INTO ANIMALE VALUES ('GSP0861','M','13','VAL1','SO','ST31','MAM01','0-LC')
INSERT INTO ANIMALE VALUES ('GSP0862','F','7','FRI1','SO','ST31','MAM01','0-LC')
INSERT INTO ANIMALE VALUES ('GSP0863','F','16','VAL1','SO','ST31','MAM01','0-LC')
INSERT INTO ANIMALE VALUES ('GSP1061','M','2','LOM1','WGOOD','VO03','MAM01','2-VU')
INSERT INTO ANIMALE VALUES ('GSP1062','M','3','LOM2','WGOOD','VO03','MAM01','2-VU')
INSERT INTO ANIMALE VALUES ('GSP1063','F','3','PIE1','WGOOD','VO03','MAM01','2-VU')
INSERT INTO ANIMALE VALUES ('GSP1064','F','3','PIE2','WGOOD','VO03','MAM01','2-VU')
INSERT INTO ANIMALE VALUES ('GSP1065','M','4','VAL1','WGOOD','VO03','MAM01','2-VU')
INSERT INTO ANIMALE VALUES ('GSP1066','M','2','TRE1','WGOOD','VO03','MAM01','2-VU')
INSERT INTO ANIMALE VALUES ('GSP1067','F','1','TRE2','WGOOD','VO03','MAM01','2-VU')
INSERT INTO ANIMALE VALUES ('GSP1068','M','1','VEN1','WGOOD','VO03','MAM01','2-VU')
INSERT INTO ANIMALE VALUES ('GSP1069','M','3','VEN2','WGOOD','VO03','MAM01','2-VU')
INSERT INTO ANIMALE VALUES ('GSP1070','F','1','TOS2','GOOD','VO03','MAM01','2-VU')
INSERT INTO ANIMALE VALUES ('GSP1071','F','3','UMB1','GOOD','VO03','MAM01','2-VU')
INSERT INTO ANIMALE VALUES ('GSP1072','M','4','UMB2','GOOD','VO03','MAM01','2-VU')
INSERT INTO ANIMALE VALUES ('GSP1073','M','3','MAR2','ILL','VO03','MAM01','2-VU')
INSERT INTO ANIMALE VALUES ('GSP1074','F','4','MAR2','ILL','VO03','MAM01','2-VU')
INSERT INTO ANIMALE VALUES ('GSP1075','M','3','LAZ1','ILL','VO03','MAM01','2-VU')
INSERT INTO ANIMALE VALUES ('GSP1076','M','2','TOS1','SO','VO03','MAM01','2-VU')
INSERT INTO ANIMALE VALUES ('GSP1077','F','2','TOS2','SO','VO03','MAM01','2-VU')
INSERT INTO ANIMALE VALUES ('GSP1078','F','1','UMB1','SO','VO03','MAM01','2-VU')
INSERT INTO ANIMALE VALUES ('GSP1079','M','3','UMB2','GOOD','VO03','MAM01','2-VU')
INSERT INTO ANIMALE VALUES ('GSP1080','M','2','MAR2','GOOD','VO03','MAM01','2-VU')
INSERT INTO ANIMALE VALUES ('GSP1081','F','1','MAR2','GOOD','VO03','MAM01','2-VU')
INSERT INTO ANIMALE VALUES ('GSP1082','M','4','LAZ1','WGOOD','VO03','MAM01','2-VU')
INSERT INTO ANIMALE VALUES ('GSP1083','M','2','LAZ2','WGOOD','VO03','MAM01','2-VU')
INSERT INTO ANIMALE VALUES ('GSP1084','F','3','ABR1','WGOOD','VO03','MAM01','2-VU')
INSERT INTO ANIMALE VALUES ('GSP1085','F','4','CAM1','WGOOD','VO03','MAM01','2-VU')
INSERT INTO ANIMALE VALUES ('GSP1086','M','4','CAM2','WGOOD','VO03','MAM01','2-VU')
INSERT INTO ANIMALE VALUES ('GSP1087','M','1','PUG1','WGOOD','VO03','MAM01','2-VU')
INSERT INTO ANIMALE VALUES ('GSP1088','F','2','PUG2','WGOOD','VO03','MAM01','2-VU')
INSERT INTO ANIMALE VALUES ('GSP1089','M','1','BAS1','WGOOD','VO03','MAM01','2-VU')
INSERT INTO ANIMALE VALUES ('GSP1090','M','4','BAS2','WGOOD','VO03','MAM01','2-VU')
INSERT INTO ANIMALE VALUES ('GSP1091','F','3','CAL1','WGOOD','VO03','MAM01','2-VU')
INSERT INTO ANIMALE VALUES ('GSP1092','F','3','SIC1','GOOD','VO03','MAM01','2-VU')
INSERT INTO ANIMALE VALUES ('GSP1093','M','2','SIC2','GOOD','VO03','MAM01','2-VU')
INSERT INTO ANIMALE VALUES ('GSP1094','M','2','SAR1','GOOD','VO03','MAM01','2-VU')
INSERT INTO ANIMALE VALUES ('GSP1095','F','3','SAR2','WGOOD','VO03','MAM01','2-VU')
INSERT INTO ANIMALE VALUES ('GSP1096','M','4','LAZ1','GOOD','VO03','MAM01','2-VU')
INSERT INTO ANIMALE VALUES ('GSP1097','F','3','TOS1','GOOD','VO03','MAM01','2-VU')
INSERT INTO ANIMALE VALUES ('GSP0296','F','26','PUG1','WGOOD','DE32','PES03','3-EN')
INSERT INTO ANIMALE VALUES ('GSP0297','M','23','PUG1','WGOOD','DE32','PES03','3-EN')
INSERT INTO ANIMALE VALUES ('GSP0298','F','13','PUG1','WGOOD','DE32','PES03','3-EN')
INSERT INTO ANIMALE VALUES ('GSP0299','M','19','PUG1','WGOOD','DE32','PES03','3-EN')
INSERT INTO ANIMALE VALUES ('GSP0300','F','10','PUG1','WGOOD','DE32','PES03','3-EN')
INSERT INTO ANIMALE VALUES ('GSP0301','M','20','PUG1','WGOOD','DE32','PES03','3-EN')
INSERT INTO ANIMALE VALUES ('GSP0302','F','6','PUG1','WGOOD','DE32','PES03','3-EN')
INSERT INTO ANIMALE VALUES ('GSP0303','M','18','PUG1','WGOOD','DE32','PES03','3-EN')
INSERT INTO ANIMALE VALUES ('GSP0304','F','3','PUG1','WGOOD','DE32','PES03','3-EN')
INSERT INTO ANIMALE VALUES ('GSP0305','M','12','LIG1','WORST','DE32','PES03','3-EN')
INSERT INTO ANIMALE VALUES ('GSP0306','F','11','LIG1','SO','DE32','PES03','3-EN')
INSERT INTO ANIMALE VALUES ('GSP0307','M','19','LIG1','SO','DE32','PES03','3-EN')
INSERT INTO ANIMALE VALUES ('GSP0308','F','6','LIG1','SO','DE32','PES03','3-EN')
INSERT INTO ANIMALE VALUES ('GSP0309','M','7','LIG1','SO','DE32','PES03','3-EN')
INSERT INTO ANIMALE VALUES ('GSP0310','F','26','LIG1','GOOD','DE32','PES03','3-EN')
INSERT INTO ANIMALE VALUES ('GSP0311','M','10','LIG1','GOOD','DE32','PES03','3-EN')
INSERT INTO ANIMALE VALUES ('GSP0312','F','6','LIG1','GOOD','DE32','PES03','3-EN')
INSERT INTO ANIMALE VALUES ('GSP0313','M','18','LIG1','WGOOD','DE32','PES03','3-EN')
INSERT INTO ANIMALE VALUES ('GSP0314','F','23','LIG1','WGOOD','DE32','PES03','3-EN')
INSERT INTO ANIMALE VALUES ('GSP0315','M','15','LIG1','WGOOD','DE32','PES03','3-EN')
INSERT INTO ANIMALE VALUES ('GSP0316','F','28','PUG1','WGOOD','DE32','PES03','3-EN')
INSERT INTO ANIMALE VALUES ('GSP0317','M','5','PUG1','WGOOD','DE32','PES03','3-EN')
INSERT INTO ANIMALE VALUES ('GSP0318','F','10','PUG1','WGOOD','DE32','PES03','3-EN')
INSERT INTO ANIMALE VALUES ('GSP0319','M','7','PUG1','WGOOD','DE32','PES03','3-EN')
INSERT INTO ANIMALE VALUES ('GSP0320','F','15','PUG1','WGOOD','DE32','PES03','3-EN')
INSERT INTO ANIMALE VALUES ('GSP0321','M','5','PUG1','WGOOD','DE32','PES03','3-EN')
INSERT INTO ANIMALE VALUES ('GSP0322','F','27','PUG1','WORST','DE32','PES03','3-EN')
INSERT INTO ANIMALE VALUES ('GSP0323','M','10','PUG1','SO','DE32','PES03','3-EN')
INSERT INTO ANIMALE VALUES ('GSP0324','F','7','PUG1','SO','DE32','PES03','3-EN')
INSERT INTO ANIMALE VALUES ('GSP0325','M','9','PUG1','SO','DE32','PES03','3-EN')
INSERT INTO ANIMALE VALUES ('GSP0326','F','23','PUG1','SO','DE32','PES03','3-EN')
INSERT INTO ANIMALE VALUES ('GSP0327','M','12','PUG1','GOOD','DE32','PES03','3-EN')
INSERT INTO ANIMALE VALUES ('GSP0328','F','13','PUG1','GOOD','DE32','PES03','3-EN')
INSERT INTO ANIMALE VALUES ('GSP0329','M','19','PUG1','GOOD','DE32','PES03','3-EN')
INSERT INTO ANIMALE VALUES ('GSP0330','F','11','PUG1','WGOOD','DE32','PES03','3-EN')
INSERT INTO ANIMALE VALUES ('GSP0331','M','9','PUG1','WGOOD','DE32','PES03','3-EN')
INSERT INTO ANIMALE VALUES ('GSP0332','F','20','PUG1','WGOOD','DE32','PES03','3-EN')
INSERT INTO ANIMALE VALUES ('GSP0333','M','15','PUG1','WGOOD','DE32','PES03','3-EN')
INSERT INTO ANIMALE VALUES ('GSP0334','F','27','PUG1','WGOOD','DE32','PES03','3-EN')
INSERT INTO ANIMALE VALUES ('GSP0335','M','26','PUG1','WGOOD','DE32','PES03','3-EN')
INSERT INTO ANIMALE VALUES ('GSP0336','F','6','PUG1','WGOOD','DE32','PES03','3-EN')
INSERT INTO ANIMALE VALUES ('GSP0337','M','30','PUG1','WGOOD','DE32','PES03','3-EN')
INSERT INTO ANIMALE VALUES ('GSP0532','F','13','LOM1','SO','LU69','PES03','0-LC')
INSERT INTO ANIMALE VALUES ('GSP0533','M','3','LOM2','SO','LU69','PES03','0-LC')
INSERT INTO ANIMALE VALUES ('GSP0534','F','13','PIE1','GOOD','LU69','PES03','0-LC')
INSERT INTO ANIMALE VALUES ('GSP0535','F','3','PIE2','GOOD','LU69','PES03','0-LC')
INSERT INTO ANIMALE VALUES ('GSP0536','M','9','VAL1','GOOD','LU69','PES03','0-LC')
INSERT INTO ANIMALE VALUES ('GSP0537','F','7','TRE1','WGOOD','LU69','PES03','0-LC')
INSERT INTO ANIMALE VALUES ('GSP0538','M','12','TRE2','WGOOD','LU69','PES03','0-LC')
INSERT INTO ANIMALE VALUES ('GSP0539','F','2','VEN1','WGOOD','LU69','PES03','0-LC')
INSERT INTO ANIMALE VALUES ('GSP0540','F','3','VEN2','WGOOD','LU69','PES03','0-LC')
INSERT INTO ANIMALE VALUES ('GSP0541','M','13','FRI1','WGOOD','LU69','PES03','0-LC')
INSERT INTO ANIMALE VALUES ('GSP0542','F','3','FRI2','WGOOD','LU69','PES03','0-LC')
INSERT INTO ANIMALE VALUES ('GSP0543','M','12','EMI1','WGOOD','LU69','PES03','0-LC')
INSERT INTO ANIMALE VALUES ('GSP0544','F','9','EMI2','WGOOD','LU69','PES03','0-LC')
INSERT INTO ANIMALE VALUES ('GSP0545','F','4','TOS1','WGOOD','LU69','PES03','0-LC')
INSERT INTO ANIMALE VALUES ('GSP0546','M','9','TOS2','WORST','LU69','PES03','0-LC')
INSERT INTO ANIMALE VALUES ('GSP0547','F','3','UMB1','SO','LU69','PES03','0-LC')
INSERT INTO ANIMALE VALUES ('GSP0548','M','10','UMB2','SO','LU69','PES03','0-LC')
INSERT INTO ANIMALE VALUES ('GSP0549','F','8','MAR2','SO','LU69','PES03','0-LC')
INSERT INTO ANIMALE VALUES ('GSP0550','F','9','LAZ2','SO','LU69','PES03','0-LC')
INSERT INTO ANIMALE VALUES ('GSP0551','M','7','ABR1','GOOD','LU69','PES03','0-LC')
INSERT INTO ANIMALE VALUES ('GSP0552','F','9','CAM2','GOOD','LU69','PES03','0-LC')
INSERT INTO ANIMALE VALUES ('GSP0553','M','3','BAS2','ILL','LU69','PES03','0-LC')
INSERT INTO ANIMALE VALUES ('GSP0554','F','10','SAR2','ILL','LU69','PES03','0-LC')
INSERT INTO ANIMALE VALUES ('GSP0555','F','2','EMI2','ILL','LU69','PES03','0-LC')
INSERT INTO ANIMALE VALUES ('GSP0556','M','4','TOS1','SO','LU69','PES03','0-LC')
INSERT INTO ANIMALE VALUES ('GSP0557','F','3','TOS2','SO','LU69','PES03','0-LC')
INSERT INTO ANIMALE VALUES ('GSP0558','M','13','UMB1','SO','LU69','PES03','0-LC')
INSERT INTO ANIMALE VALUES ('GSP0559','F','11','UMB2','GOOD','LU69','PES03','0-LC')
INSERT INTO ANIMALE VALUES ('GSP0560','F','13','MAR2','GOOD','LU69','PES03','0-LC')
INSERT INTO ANIMALE VALUES ('GSP0561','M','12','LAZ2','GOOD','LU69','PES03','0-LC')
INSERT INTO ANIMALE VALUES ('GSP0562','F','9','ABR1','WGOOD','LU69','PES03','0-LC')
INSERT INTO ANIMALE VALUES ('GSP0563','M','13','CAM2','WGOOD','LU69','PES03','0-LC')
INSERT INTO ANIMALE VALUES ('GSP0564','F','3','BAS2','WGOOD','LU69','PES03','0-LC')
INSERT INTO ANIMALE VALUES ('GSP0565','F','7','SAR2','WGOOD','LU69','PES03','0-LC')
INSERT INTO ANIMALE VALUES ('GSP0566','M','2','LOM1','WGOOD','LU69','PES03','0-LC')
INSERT INTO ANIMALE VALUES ('GSP0567','F','1','LOM2','WGOOD','LU69','PES03','0-LC')
INSERT INTO ANIMALE VALUES ('GSP0568','M','9','PIE1','WGOOD','LU69','PES03','0-LC')
INSERT INTO ANIMALE VALUES ('GSP0569','F','8','PIE2','WGOOD','LU69','PES03','0-LC')
INSERT INTO ANIMALE VALUES ('GSP0570','F','9','VAL1','WGOOD','LU69','PES03','0-LC')
INSERT INTO ANIMALE VALUES ('GSP0571','M','1','TRE1','WORST','LU69','PES03','0-LC')
INSERT INTO ANIMALE VALUES ('GSP0572','F','10','TRE2','SO','LU69','PES03','0-LC')
INSERT INTO ANIMALE VALUES ('GSP0573','M','13','VEN1','SO','LU69','PES03','0-LC')
INSERT INTO ANIMALE VALUES ('GSP0574','F','7','VEN2','SO','LU69','PES03','0-LC')
INSERT INTO ANIMALE VALUES ('GSP0575','F','9','FRI1','SO','LU69','PES03','0-LC')
INSERT INTO ANIMALE VALUES ('GSP0576','M','7','FRI2','GOOD','LU69','PES03','0-LC')
INSERT INTO ANIMALE VALUES ('GSP0577','F','12','EMI1','GOOD','LU69','PES03','0-LC')
INSERT INTO ANIMALE VALUES ('GSP0578','M','12','MAR2','ILL','LU69','PES03','0-LC')
INSERT INTO ANIMALE VALUES ('GSP0579','F','12','LAZ2','ILL','LU69','PES03','0-LC')
INSERT INTO ANIMALE VALUES ('GSP0580','F','10','ABR1','ILL','LU69','PES03','0-LC')
INSERT INTO ANIMALE VALUES ('GSP0581','M','7','CAM2','SO','LU69','PES03','0-LC')
INSERT INTO ANIMALE VALUES ('GSP0582','F','6','BAS2','SO','LU69','PES03','0-LC')
INSERT INTO ANIMALE VALUES ('GSP0583','M','9','SAR2','SO','LU69','PES03','0-LC')
INSERT INTO ANIMALE VALUES ('GSP0584','F','9','LOM1','GOOD','LU69','PES03','0-LC')
INSERT INTO ANIMALE VALUES ('GSP0585','F','5','LOM2','GOOD','LU69','PES03','0-LC')
INSERT INTO ANIMALE VALUES ('GSP0586','M','13','PIE1','GOOD','LU69','PES03','0-LC')
INSERT INTO ANIMALE VALUES ('GSP0587','F','10','PIE2','WGOOD','LU69','PES03','0-LC')
INSERT INTO ANIMALE VALUES ('GSP0588','M','8','VAL1','WGOOD','LU69','PES03','0-LC')
INSERT INTO ANIMALE VALUES ('GSP0589','F','6','TRE1','WGOOD','LU69','PES03','0-LC')
INSERT INTO ANIMALE VALUES ('GSP0590','F','8','TRE2','WGOOD','LU69','PES03','0-LC')
INSERT INTO ANIMALE VALUES ('GSP0591','M','1','VEN1','WGOOD','LU69','PES03','0-LC')
INSERT INTO ANIMALE VALUES ('GSP0592','F','5','VEN2','WGOOD','LU69','PES03','0-LC')
INSERT INTO ANIMALE VALUES ('GSP0593','M','13','LOM1','WGOOD','LU69','PES03','0-LC')
INSERT INTO ANIMALE VALUES ('GSP0594','F','13','LOM2','WGOOD','LU69','PES03','0-LC')
INSERT INTO ANIMALE VALUES ('GSP0595','F','6','PIE1','WGOOD','LU69','PES03','0-LC')
INSERT INTO ANIMALE VALUES ('GSP0596','M','3','PIE2','WORST','LU69','PES03','0-LC')
INSERT INTO ANIMALE VALUES ('GSP0597','F','10','VAL1','SO','LU69','PES03','0-LC')
INSERT INTO ANIMALE VALUES ('GSP0598','M','13','TRE1','SO','LU69','PES03','0-LC')
INSERT INTO ANIMALE VALUES ('GSP0599','F','12','TRE2','SO','LU69','PES03','0-LC')
INSERT INTO ANIMALE VALUES ('GSP0600','F','13','VEN1','SO','LU69','PES03','0-LC')
INSERT INTO ANIMALE VALUES ('GSP0601','M','7','VEN2','GOOD','LU69','PES03','0-LC')
INSERT INTO ANIMALE VALUES ('GSP0602','F','6','FRI1','GOOD','LU69','PES03','0-LC')
INSERT INTO ANIMALE VALUES ('GSP0603','M','13','FRI2','ILL','LU69','PES03','0-LC')
INSERT INTO ANIMALE VALUES ('GSP0604','F','7','PIE2','ILL','LU69','PES03','0-LC')
INSERT INTO ANIMALE VALUES ('GSP0605','F','6','VAL1','ILL','LU69','PES03','0-LC')
INSERT INTO ANIMALE VALUES ('GSP0606','M','6','TRE1','SO','LU69','PES03','0-LC')
INSERT INTO ANIMALE VALUES ('GSP0607','F','2','TRE2','SO','LU69','PES03','0-LC')
INSERT INTO ANIMALE VALUES ('GSP0608','M','11','VEN1','SO','LU69','PES03','0-LC')
INSERT INTO ANIMALE VALUES ('GSP0609','F','11','MAR2','SO','LU69','PES03','0-LC')
INSERT INTO ANIMALE VALUES ('GSP0610','F','9','LAZ2','GOOD','LU69','PES03','0-LC')
INSERT INTO ANIMALE VALUES ('GSP0611','M','10','ABR1','GOOD','LU69','PES03','0-LC')
INSERT INTO ANIMALE VALUES ('GSP0648','M','6','CAM2','SO','OR78','PES03','0-LC')
INSERT INTO ANIMALE VALUES ('GSP0649','M','10','BAS2','SO','OR78','PES03','0-LC')
INSERT INTO ANIMALE VALUES ('GSP0650','F','10','PUG1','SO','OR78','PES03','0-LC')
INSERT INTO ANIMALE VALUES ('GSP0651','F','8','PUG1','SO','OR78','PES03','0-LC')
INSERT INTO ANIMALE VALUES ('GSP0652','F','9','PUG1','GOOD','OR78','PES03','0-LC')
INSERT INTO ANIMALE VALUES ('GSP0653','F','6','PUG1','GOOD','OR78','PES03','0-LC')
INSERT INTO ANIMALE VALUES ('GSP0654','M','8','LIG1','ILL','OR78','PES03','0-LC')
INSERT INTO ANIMALE VALUES ('GSP0655','M','3','LIG1','ILL','OR78','PES03','0-LC')
INSERT INTO ANIMALE VALUES ('GSP0656','M','6','LIG1','ILL','OR78','PES03','0-LC')
INSERT INTO ANIMALE VALUES ('GSP0657','M','4','LIG1','SO','OR78','PES03','0-LC')
INSERT INTO ANIMALE VALUES ('GSP0658','M','3','LIG1','SO','OR78','PES03','0-LC')
INSERT INTO ANIMALE VALUES ('GSP0659','M','3','LIG1','SO','OR78','PES03','0-LC')
INSERT INTO ANIMALE VALUES ('GSP0660','F','4','LIG1','GOOD','OR78','PES03','0-LC')
INSERT INTO ANIMALE VALUES ('GSP0661','F','10','LIG1','GOOD','OR78','PES03','0-LC')
INSERT INTO ANIMALE VALUES ('GSP0662','F','7','LIG1','GOOD','OR78','PES03','0-LC')
INSERT INTO ANIMALE VALUES ('GSP0663','F','10','LIG1','WGOOD','OR78','PES03','0-LC')
INSERT INTO ANIMALE VALUES ('GSP0664','M','2','LIG1','WGOOD','OR78','PES03','0-LC')
INSERT INTO ANIMALE VALUES ('GSP0665','M','9','LIG1','WGOOD','OR78','PES03','0-LC')
INSERT INTO ANIMALE VALUES ('GSP0666','M','6','LIG1','WGOOD','OR78','PES03','0-LC')
INSERT INTO ANIMALE VALUES ('GSP0667','M','2','PUG1','WGOOD','OR78','PES03','0-LC')
INSERT INTO ANIMALE VALUES ('GSP0668','M','7','PUG1','WGOOD','OR78','PES03','0-LC')
INSERT INTO ANIMALE VALUES ('GSP0669','M','2','PUG1','WGOOD','OR78','PES03','0-LC')
INSERT INTO ANIMALE VALUES ('GSP0670','F','6','PUG1','WGOOD','OR78','PES03','0-LC')
INSERT INTO ANIMALE VALUES ('GSP0671','F','8','PUG1','WGOOD','OR78','PES03','0-LC')
INSERT INTO ANIMALE VALUES ('GSP0672','F','6','PUG1','WORST','OR78','PES03','0-LC')
INSERT INTO ANIMALE VALUES ('GSP0673','F','6','PUG1','SO','OR78','PES03','0-LC')
INSERT INTO ANIMALE VALUES ('GSP0674','M','4','PUG1','SO','OR78','PES03','0-LC')
INSERT INTO ANIMALE VALUES ('GSP0675','M','5','PUG1','SO','OR78','PES03','0-LC')
INSERT INTO ANIMALE VALUES ('GSP0676','M','1','PUG1','SO','OR78','PES03','0-LC')
INSERT INTO ANIMALE VALUES ('GSP0677','M','3','PUG1','GOOD','OR78','PES03','0-LC')
INSERT INTO ANIMALE VALUES ('GSP0678','M','10','PUG1','GOOD','OR78','PES03','0-LC')
INSERT INTO ANIMALE VALUES ('GSP0679','M','10','PUG1','ILL','OR78','PES03','0-LC')
INSERT INTO ANIMALE VALUES ('GSP0680','F','4','PUG1','ILL','OR78','PES03','0-LC')
INSERT INTO ANIMALE VALUES ('GSP0681','F','2','PUG1','ILL','OR78','PES03','0-LC')
INSERT INTO ANIMALE VALUES ('GSP0682','F','5','PUG1','WGOOD','OR78','PES03','0-LC')
INSERT INTO ANIMALE VALUES ('GSP0683','F','2','PUG1','WGOOD','OR78','PES03','0-LC')
INSERT INTO ANIMALE VALUES ('GSP0684','M','4','PUG1','WGOOD','OR78','PES03','0-LC')
INSERT INTO ANIMALE VALUES ('GSP0685','M','4','PUG1','WGOOD','OR78','PES03','0-LC')
INSERT INTO ANIMALE VALUES ('GSP0686','M','10','PUG1','WGOOD','OR78','PES03','0-LC')
INSERT INTO ANIMALE VALUES ('GSP0687','M','9','PUG1','WORST','OR78','PES03','0-LC')
INSERT INTO ANIMALE VALUES ('GSP0688','M','2','PUG1','SO','OR78','PES03','0-LC')
INSERT INTO ANIMALE VALUES ('GSP0689','M','10','PUG1','SO','OR78','PES03','0-LC')
INSERT INTO ANIMALE VALUES ('GSP0690','F','10','PUG1','SO','OR78','PES03','0-LC')
INSERT INTO ANIMALE VALUES ('GSP0691','F','7','PUG1','SO','OR78','PES03','0-LC')
INSERT INTO ANIMALE VALUES ('GSP0692','F','3','PUG1','GOOD','OR78','PES03','0-LC')
INSERT INTO ANIMALE VALUES ('GSP0693','F','7','PUG1','GOOD','OR78','PES03','0-LC')
INSERT INTO ANIMALE VALUES ('GSP0694','M','1','PUG1','ILL','OR78','PES03','0-LC')
INSERT INTO ANIMALE VALUES ('GSP0695','M','5','PUG1','ILL','OR78','PES03','0-LC')
INSERT INTO ANIMALE VALUES ('GSP0696','M','1','PUG1','ILL','OR78','PES03','0-LC')
INSERT INTO ANIMALE VALUES ('GSP0697','M','6','PUG1','SO','OR78','PES03','0-LC')
INSERT INTO ANIMALE VALUES ('GSP0698','M','3','PUG1','SO','OR78','PES03','0-LC')
INSERT INTO ANIMALE VALUES ('GSP0699','M','3','PUG1','SO','OR78','PES03','0-LC')
INSERT INTO ANIMALE VALUES ('GSP0700','F','5','PUG1','GOOD','OR78','PES03','0-LC')
INSERT INTO ANIMALE VALUES ('GSP0701','F','10','PUG1','GOOD','OR78','PES03','0-LC')
INSERT INTO ANIMALE VALUES ('GSP0702','F','1','PUG1','GOOD','OR78','PES03','0-LC')
INSERT INTO ANIMALE VALUES ('GSP0703','F','10','PUG1','WGOOD','OR78','PES03','0-LC')
INSERT INTO ANIMALE VALUES ('GSP0704','M','6','PUG1','WGOOD','OR78','PES03','0-LC')
INSERT INTO ANIMALE VALUES ('GSP0705','M','2','PUG1','WGOOD','OR78','PES03','0-LC')
INSERT INTO ANIMALE VALUES ('GSP0706','M','6','PUG1','WGOOD','OR78','PES03','0-LC')
INSERT INTO ANIMALE VALUES ('GSP0707','M','4','PUG1','WGOOD','OR78','PES03','0-LC')
INSERT INTO ANIMALE VALUES ('GSP0708','M','7','PUG1','WGOOD','OR78','PES03','0-LC')
INSERT INTO ANIMALE VALUES ('GSP0709','M','1','LIG1','WGOOD','OR78','PES03','0-LC')
INSERT INTO ANIMALE VALUES ('GSP0710','F','9','LIG1','WGOOD','OR78','PES03','0-LC')
INSERT INTO ANIMALE VALUES ('GSP0711','F','4','LIG1','WGOOD','OR78','PES03','0-LC')
INSERT INTO ANIMALE VALUES ('GSP0712','F','1','LIG1','WORST','OR78','PES03','0-LC')
INSERT INTO ANIMALE VALUES ('GSP0713','F','1','LIG1','ILL','OR78','PES03','0-LC')
INSERT INTO ANIMALE VALUES ('GSP0714','M','4','LIG1','ILL','OR78','PES03','0-LC')
INSERT INTO ANIMALE VALUES ('GSP0715','M','10','LIG1','ILL','OR78','PES03','0-LC')
INSERT INTO ANIMALE VALUES ('GSP0716','M','3','LIG1','SO','OR78','PES03','0-LC')
INSERT INTO ANIMALE VALUES ('GSP0717','M','7','LIG1','SO','OR78','PES03','0-LC')
INSERT INTO ANIMALE VALUES ('GSP0864','M','29','LOM2','GOOD','ST78','PES03','4-CR')
INSERT INTO ANIMALE VALUES ('GSP0865','F','65','PIE2','GOOD','ST78','PES03','4-CR')
INSERT INTO ANIMALE VALUES ('GSP0866','M','56','VEN2','GOOD','ST78','PES03','4-CR')
INSERT INTO ANIMALE VALUES ('GSP0867','M','35','FRI2','WGOOD','ST78','PES03','4-CR')
INSERT INTO ANIMALE VALUES ('GSP0868','F','77','EMI1','WGOOD','ST78','PES03','4-CR')
INSERT INTO ANIMALE VALUES ('GSP0869','M','53','EMI2','WGOOD','ST78','PES03','4-CR')
INSERT INTO ANIMALE VALUES ('GSP0870','F','40','UMB2','WGOOD','ST78','PES03','4-CR')
INSERT INTO ANIMALE VALUES ('GSP0871','M','3','EMI1','WGOOD','ST78','PES03','4-CR')
INSERT INTO ANIMALE VALUES ('GSP0872','M','13','EMI2','WGOOD','ST78','PES03','4-CR')
INSERT INTO ANIMALE VALUES ('GSP0873','F','59','UMB2','WGOOD','ST78','PES03','4-CR')
INSERT INTO ANIMALE VALUES ('GSP0874','M','26','LOM2','WGOOD','ST78','PES03','4-CR')
INSERT INTO ANIMALE VALUES ('GSP0875','F','33','PIE2','WGOOD','ST78','PES03','4-CR')
INSERT INTO ANIMALE VALUES ('GSP0876','M','90','VEN2','WGOOD','ST78','PES03','4-CR')
INSERT INTO ANIMALE VALUES ('GSP0877','M','23','FRI2','GOOD','ST78','PES03','4-CR')
INSERT INTO ANIMALE VALUES ('GSP0878','F','76','UMB2','GOOD','ST78','PES03','4-CR')
INSERT INTO ANIMALE VALUES ('GSP0879','M','26','LOM2','GOOD','ST78','PES03','4-CR')
INSERT INTO ANIMALE VALUES ('GSP0880','F','11','PIE2','WGOOD','ST78','PES03','4-CR')
INSERT INTO ANIMALE VALUES ('GSP0881','M','16','VEN2','WGOOD','ST78','PES03','4-CR')
INSERT INTO ANIMALE VALUES ('GSP0882','M','14','FRI2','WGOOD','ST78','PES03','4-CR')
INSERT INTO ANIMALE VALUES ('GSP0883','F','45','VEN2','WORST','ST78','PES03','4-CR')
INSERT INTO ANIMALE VALUES ('GSP0921','M','11','LOM1','WGOOD','TR34','PES03','0-LC')
INSERT INTO ANIMALE VALUES ('GSP0922','F','9','LOM2','WGOOD','TR34','PES03','0-LC')
INSERT INTO ANIMALE VALUES ('GSP0923','F','7','PIE1','WGOOD','TR34','PES03','0-LC')
INSERT INTO ANIMALE VALUES ('GSP0924','M','2','PIE2','WGOOD','TR34','PES03','0-LC')
INSERT INTO ANIMALE VALUES ('GSP0925','M','11','VEN2','WGOOD','TR34','PES03','0-LC')
INSERT INTO ANIMALE VALUES ('GSP0926','F','5','FRI1','GOOD','TR34','PES03','0-LC')
INSERT INTO ANIMALE VALUES ('GSP0927','F','3','FRI2','GOOD','TR34','PES03','0-LC')
INSERT INTO ANIMALE VALUES ('GSP0928','M','9','EMI1','GOOD','TR34','PES03','0-LC')
INSERT INTO ANIMALE VALUES ('GSP0929','M','11','TOS1','WORST','TR34','PES03','0-LC')
INSERT INTO ANIMALE VALUES ('GSP0930','F','3','UMB2','ILL','TR34','PES03','0-LC')
INSERT INTO ANIMALE VALUES ('GSP0931','F','6','MAR2','ILL','TR34','PES03','0-LC')
INSERT INTO ANIMALE VALUES ('GSP0932','M','9','LAZ2','ILL','TR34','PES03','0-LC')
INSERT INTO ANIMALE VALUES ('GSP0933','M','7','ABR1','SO','TR34','PES03','0-LC')
INSERT INTO ANIMALE VALUES ('GSP0934','F','1','CAM2','SO','TR34','PES03','0-LC')
INSERT INTO ANIMALE VALUES ('GSP0935','F','7','BAS2','SO','TR34','PES03','0-LC')
INSERT INTO ANIMALE VALUES ('GSP0936','M','10','SIC2','GOOD','TR34','PES03','0-LC')
INSERT INTO ANIMALE VALUES ('GSP0937','M','1','SAR2','GOOD','TR34','PES03','0-LC')
INSERT INTO ANIMALE VALUES ('GSP0938','F','2','UMB2','GOOD','TR34','PES03','0-LC')
INSERT INTO ANIMALE VALUES ('GSP0939','F','3','MAR2','WGOOD','TR34','PES03','0-LC')
INSERT INTO ANIMALE VALUES ('GSP0940','M','10','LAZ2','WGOOD','TR34','PES03','0-LC')
INSERT INTO ANIMALE VALUES ('GSP0941','M','5','ABR1','WGOOD','TR34','PES03','0-LC')
INSERT INTO ANIMALE VALUES ('GSP0942','F','1','CAM2','WGOOD','TR34','PES03','0-LC')
INSERT INTO ANIMALE VALUES ('GSP0943','F','11','BAS2','WGOOD','TR34','PES03','0-LC')
INSERT INTO ANIMALE VALUES ('GSP0944','M','4','SIC2','WGOOD','TR34','PES03','0-LC')
INSERT INTO ANIMALE VALUES ('GSP0945','M','5','SAR2','WGOOD','TR34','PES03','0-LC')
INSERT INTO ANIMALE VALUES ('GSP0946','F','5','LOM1','WGOOD','TR34','PES03','0-LC')
INSERT INTO ANIMALE VALUES ('GSP0947','F','6','LOM2','WGOOD','TR34','PES03','0-LC')
INSERT INTO ANIMALE VALUES ('GSP0948','M','11','PIE1','WGOOD','TR34','PES03','0-LC')
INSERT INTO ANIMALE VALUES ('GSP0949','M','11','PIE2','GOOD','TR34','PES03','0-LC')
INSERT INTO ANIMALE VALUES ('GSP0950','F','9','VEN2','GOOD','TR34','PES03','0-LC')
INSERT INTO ANIMALE VALUES ('GSP0951','F','3','FRI1','GOOD','TR34','PES03','0-LC')
INSERT INTO ANIMALE VALUES ('GSP0952','M','7','FRI2','ILL','TR34','PES03','0-LC')
INSERT INTO ANIMALE VALUES ('GSP0953','M','3','EMI1','ILL','TR34','PES03','0-LC')
INSERT INTO ANIMALE VALUES ('GSP0954','F','10','TOS1','ILL','TR34','PES03','0-LC')
INSERT INTO ANIMALE VALUES ('GSP0955','F','6','SAR2','SO','TR34','PES03','0-LC')
INSERT INTO ANIMALE VALUES ('GSP0956','M','7','UMB2','SO','TR34','PES03','0-LC')
INSERT INTO ANIMALE VALUES ('GSP0957','M','5','MAR2','SO','TR34','PES03','0-LC')
INSERT INTO ANIMALE VALUES ('GSP0958','F','1','LAZ2','GOOD','TR34','PES03','0-LC')
INSERT INTO ANIMALE VALUES ('GSP0959','F','11','ABR1','GOOD','TR34','PES03','0-LC')
INSERT INTO ANIMALE VALUES ('GSP0960','M','11','CAM2','GOOD','TR34','PES03','0-LC')
INSERT INTO ANIMALE VALUES ('GSP0961','M','6','BAS2','WGOOD','TR34','PES03','0-LC')
INSERT INTO ANIMALE VALUES ('GSP0962','F','4','SIC2','WGOOD','TR34','PES03','0-LC')
INSERT INTO ANIMALE VALUES ('GSP0963','F','9','SAR2','WGOOD','TR34','PES03','0-LC')
INSERT INTO ANIMALE VALUES ('GSP0964','M','10','VEN2','WGOOD','TR34','PES03','0-LC')
INSERT INTO ANIMALE VALUES ('GSP0965','M','1','FRI1','WGOOD','TR34','PES03','0-LC')
INSERT INTO ANIMALE VALUES ('GSP0966','F','6','FRI2','WGOOD','TR34','PES03','0-LC')
INSERT INTO ANIMALE VALUES ('GSP0967','F','3','EMI1','WGOOD','TR34','PES03','0-LC')
INSERT INTO ANIMALE VALUES ('GSP0968','M','4','TOS1','WGOOD','TR34','PES03','0-LC')
INSERT INTO ANIMALE VALUES ('GSP0969','M','5','SAR2','WGOOD','TR34','PES03','0-LC')
INSERT INTO ANIMALE VALUES ('GSP0970','F','8','UMB2','WGOOD','TR34','PES03','0-LC')
INSERT INTO ANIMALE VALUES ('GSP0971','F','11','MAR2','GOOD','TR34','PES03','0-LC')
INSERT INTO ANIMALE VALUES ('GSP0972','M','4','LAZ2','GOOD','TR34','PES03','0-LC')
INSERT INTO ANIMALE VALUES ('GSP0973','M','8','ABR1','GOOD','TR34','PES03','0-LC')
INSERT INTO ANIMALE VALUES ('GSP0974','F','7','CAM2','WORST','TR34','PES03','0-LC')
INSERT INTO ANIMALE VALUES ('GSP0975','F','9','BAS2','WGOOD','TR34','PES03','0-LC')
INSERT INTO ANIMALE VALUES ('GSP0976','M','6','SIC2','GOOD','TR34','PES03','0-LC')
INSERT INTO ANIMALE VALUES ('GSP0977','M','6','SAR2','GOOD','TR34','PES03','0-LC')
INSERT INTO ANIMALE VALUES ('GSP0978','F','7','LOM1','GOOD','TR34','PES03','0-LC')
INSERT INTO ANIMALE VALUES ('GSP0979','F','7','LOM2','ILL','TR34','PES03','0-LC')
INSERT INTO ANIMALE VALUES ('GSP0980','M','3','PIE1','ILL','TR34','PES03','0-LC')
INSERT INTO ANIMALE VALUES ('GSP0981','M','9','PIE2','ILL','TR34','PES03','0-LC')
INSERT INTO ANIMALE VALUES ('GSP0982','F','6','VEN2','SO','TR34','PES03','0-LC')
INSERT INTO ANIMALE VALUES ('GSP0983','F','5','FRI1','SO','TR34','PES03','0-LC')
INSERT INTO ANIMALE VALUES ('GSP0984','M','11','FRI2','SO','TR34','PES03','0-LC')
INSERT INTO ANIMALE VALUES ('GSP0985','M','9','EMI1','GOOD','TR34','PES03','0-LC')
INSERT INTO ANIMALE VALUES ('GSP0986','F','5','TOS1','GOOD','TR34','PES03','0-LC')
INSERT INTO ANIMALE VALUES ('GSP0987','F','6','LAZ2','GOOD','TR34','PES03','0-LC')
INSERT INTO ANIMALE VALUES ('GSP0988','M','10','ABR1','WGOOD','TR34','PES03','0-LC')
INSERT INTO ANIMALE VALUES ('GSP0989','M','10','CAM2','WGOOD','TR34','PES03','0-LC')
INSERT INTO ANIMALE VALUES ('GSP0990','F','8','BAS2','WGOOD','TR34','PES03','0-LC')
INSERT INTO ANIMALE VALUES ('GSP0991','F','6','SIC2','WGOOD','TR34','PES03','0-LC')
INSERT INTO ANIMALE VALUES ('GSP0992','M','4','SAR2','WGOOD','TR34','PES03','0-LC')
INSERT INTO ANIMALE VALUES ('GSP0993','M','1','LOM1','WGOOD','TR34','PES03','0-LC')
INSERT INTO ANIMALE VALUES ('GSP0994','F','1','LOM2','WGOOD','TR34','PES03','0-LC')
INSERT INTO ANIMALE VALUES ('GSP0995','F','6','PIE1','WGOOD','TR34','PES03','0-LC')
INSERT INTO ANIMALE VALUES ('GSP0996','M','2','PIE2','WGOOD','TR34','PES03','0-LC')
INSERT INTO ANIMALE VALUES ('GSP0997','M','7','VEN2','WGOOD','TR34','PES03','0-LC')
INSERT INTO ANIMALE VALUES ('GSP0998','F','8','ABR1','GOOD','TR34','PES03','0-LC')
INSERT INTO ANIMALE VALUES ('GSP0999','F','10','CAM2','GOOD','TR34','PES03','0-LC')
INSERT INTO ANIMALE VALUES ('GSP1000','M','8','BAS2','GOOD','TR34','PES03','0-LC')
INSERT INTO ANIMALE VALUES ('GSP1098','F','9','PUG1','GOOD','PS87','PES03','1-NT')
INSERT INTO ANIMALE VALUES ('GSP1099','M','10','PUG1','ILL','PS87','PES03','1-NT')
INSERT INTO ANIMALE VALUES ('GSP1100','F','2','PUG1','ILL','PS87','PES03','1-NT')
INSERT INTO ANIMALE VALUES ('GSP1101','M','3','PUG1','ILL','PS87','PES03','1-NT')
INSERT INTO ANIMALE VALUES ('GSP1102','M','6','PUG1','SO','PS87','PES03','1-NT')
INSERT INTO ANIMALE VALUES ('GSP1103','F','2','PUG1','SO','PS87','PES03','1-NT')
INSERT INTO ANIMALE VALUES ('GSP1104','M','8','PUG1','SO','PS87','PES03','1-NT')
INSERT INTO ANIMALE VALUES ('GSP1105','F','6','PUG1','GOOD','PS87','PES03','1-NT')
INSERT INTO ANIMALE VALUES ('GSP1106','M','4','PUG1','GOOD','PS87','PES03','1-NT')
INSERT INTO ANIMALE VALUES ('GSP1107','M','2','PUG1','GOOD','PS87','PES03','1-NT')
INSERT INTO ANIMALE VALUES ('GSP1108','F','9','PUG1','WGOOD','PS87','PES03','1-NT')
INSERT INTO ANIMALE VALUES ('GSP1109','M','9','PUG1','WGOOD','PS87','PES03','1-NT')
INSERT INTO ANIMALE VALUES ('GSP1110','F','5','PUG1','WGOOD','PS87','PES03','1-NT')
INSERT INTO ANIMALE VALUES ('GSP1111','M','7','PUG1','WGOOD','PS87','PES03','1-NT')
INSERT INTO ANIMALE VALUES ('GSP1112','M','4','PUG1','WGOOD','PS87','PES03','1-NT')
INSERT INTO ANIMALE VALUES ('GSP1113','F','7','PUG1','WGOOD','PS87','PES03','1-NT')
INSERT INTO ANIMALE VALUES ('GSP1114','M','9','PUG1','WGOOD','PS87','PES03','1-NT')
INSERT INTO ANIMALE VALUES ('GSP1115','F','10','PUG1','WGOOD','PS87','PES03','1-NT')
INSERT INTO ANIMALE VALUES ('GSP1116','M','8','PUG1','WGOOD','PS87','PES03','1-NT')
INSERT INTO ANIMALE VALUES ('GSP1117','M','9','PUG1','WGOOD','PS87','PES03','1-NT')
INSERT INTO ANIMALE VALUES ('GSP1118','F','2','LIG1','GOOD','PS87','PES03','1-NT')
INSERT INTO ANIMALE VALUES ('GSP1119','M','6','LIG1','GOOD','PS87','PES03','1-NT')
INSERT INTO ANIMALE VALUES ('GSP1120','F','4','LIG1','GOOD','PS87','PES03','1-NT')
INSERT INTO ANIMALE VALUES ('GSP1121','M','4','LIG1','WGOOD','PS87','PES03','1-NT')
INSERT INTO ANIMALE VALUES ('GSP1122','M','5','LIG1','WGOOD','PS87','PES03','1-NT')
INSERT INTO ANIMALE VALUES ('GSP1123','F','3','LIG1','WGOOD','PS87','PES03','1-NT')
INSERT INTO ANIMALE VALUES ('GSP1124','M','4','LIG1','WORST','PS87','PES03','1-NT')
INSERT INTO ANIMALE VALUES ('GSP1125','F','9','LIG1','ILL','PS87','PES03','1-NT')
INSERT INTO ANIMALE VALUES ('GSP1126','M','10','LIG1','ILL','PS87','PES03','1-NT')
INSERT INTO ANIMALE VALUES ('GSP1127','M','9','LIG1','ILL','PS87','PES03','1-NT')
INSERT INTO ANIMALE VALUES ('GSP1128','F','7','LIG1','SO','PS87','PES03','1-NT')
INSERT INTO ANIMALE VALUES ('GSP1129','M','6','LIG1','SO','PS87','PES03','1-NT')
INSERT INTO ANIMALE VALUES ('GSP1130','F','10','LIG1','SO','PS87','PES03','1-NT')
INSERT INTO ANIMALE VALUES ('GSP1131','M','7','LIG1','GOOD','PS87','PES03','1-NT')
INSERT INTO ANIMALE VALUES ('GSP1132','M','3','LIG1','GOOD','PS87','PES03','1-NT')
INSERT INTO ANIMALE VALUES ('GSP1133','F','9','PUG1','GOOD','PS87','PES03','1-NT')
INSERT INTO ANIMALE VALUES ('GSP1134','M','4','PUG1','WGOOD','PS87','PES03','1-NT')
INSERT INTO ANIMALE VALUES ('GSP1135','F','5','PUG1','WGOOD','PS87','PES03','1-NT')
INSERT INTO ANIMALE VALUES ('GSP1136','M','5','PUG1','WGOOD','PS87','PES03','1-NT')
INSERT INTO ANIMALE VALUES ('GSP1137','M','10','PUG1','WGOOD','PS87','PES03','1-NT')
INSERT INTO ANIMALE VALUES ('GSP1138','M','3','PUG1','WGOOD','AL11','PES03','3-EN')
INSERT INTO ANIMALE VALUES ('GSP1139','M','3','PUG1','WGOOD','AL11','PES03','3-EN')
INSERT INTO ANIMALE VALUES ('GSP1140','F','1','PUG1','WGOOD','AL11','PES03','3-EN')
INSERT INTO ANIMALE VALUES ('GSP1141','M','2','PUG1','WGOOD','AL11','PES03','3-EN')
INSERT INTO ANIMALE VALUES ('GSP1142','F','3','PUG1','WGOOD','AL11','PES03','3-EN')
INSERT INTO ANIMALE VALUES ('GSP1143','M','4','PUG1','WGOOD','AL11','PES03','3-EN')
INSERT INTO ANIMALE VALUES ('GSP1144','M','3','PUG1','GOOD','AL11','PES03','3-EN')
INSERT INTO ANIMALE VALUES ('GSP1145','F','3','PUG1','GOOD','AL11','PES03','3-EN')
INSERT INTO ANIMALE VALUES ('GSP1146','M','2','PUG1','GOOD','AL11','PES03','3-EN')
INSERT INTO ANIMALE VALUES ('GSP1147','F','3','PUG1','WORST','AL11','PES03','3-EN')
INSERT INTO ANIMALE VALUES ('GSP1148','M','2','PUG1','ILL','AL11','PES03','3-EN')
INSERT INTO ANIMALE VALUES ('GSP1149','M','1','PUG1','ILL','AL11','PES03','3-EN')
INSERT INTO ANIMALE VALUES ('GSP1150','F','3','PUG1','ILL','AL11','PES03','3-EN')
INSERT INTO ANIMALE VALUES ('GSP1151','M','2','PUG1','SO','AL11','PES03','3-EN')
INSERT INTO ANIMALE VALUES ('GSP1152','F','4','PUG1','SO','AL11','PES03','3-EN')
INSERT INTO ANIMALE VALUES ('GSP1153','M','3','PUG1','SO','AL11','PES03','3-EN')
INSERT INTO ANIMALE VALUES ('GSP1154','M','3','PUG1','GOOD','AL11','PES03','3-EN')
INSERT INTO ANIMALE VALUES ('GSP1155','F','1','PUG1','GOOD','AL11','PES03','3-EN')
INSERT INTO ANIMALE VALUES ('GSP1156','M','2','PUG1','GOOD','AL11','PES03','3-EN')
INSERT INTO ANIMALE VALUES ('GSP1157','F','2','PUG1','WGOOD','AL11','PES03','3-EN')
INSERT INTO ANIMALE VALUES ('GSP1158','M','3','PUG1','WGOOD','AL11','PES03','3-EN')
INSERT INTO ANIMALE VALUES ('GSP1159','M','2','PUG1','WGOOD','AL11','PES03','3-EN')
INSERT INTO ANIMALE VALUES ('GSP1160','F','1','PUG1','WGOOD','AL11','PES03','3-EN')
INSERT INTO ANIMALE VALUES ('GSP1161','M','2','PUG1','WGOOD','AL11','PES03','3-EN')
INSERT INTO ANIMALE VALUES ('GSP1162','F','1','PUG1','WGOOD','AL11','PES03','3-EN')
INSERT INTO ANIMALE VALUES ('GSP1163','M','3','PUG1','WGOOD','AL11','PES03','3-EN')
INSERT INTO ANIMALE VALUES ('GSP1164','M','1','PUG1','WGOOD','AL11','PES03','3-EN')
INSERT INTO ANIMALE VALUES ('GSP1165','F','3','PUG1','WGOOD','AL11','PES03','3-EN')
INSERT INTO ANIMALE VALUES ('GSP1166','M','2','PUG1','WGOOD','AL11','PES03','3-EN')
INSERT INTO ANIMALE VALUES ('GSP1167','F','3','PUG1','GOOD','AL11','PES03','3-EN')
INSERT INTO ANIMALE VALUES ('GSP1168','M','4','PUG1','GOOD','AL11','PES03','3-EN')
INSERT INTO ANIMALE VALUES ('GSP1169','F','3','LIG1','GOOD','AL11','PES03','3-EN')
INSERT INTO ANIMALE VALUES ('GSP1170','M','3','LIG1','WORST','AL11','PES03','3-EN')
INSERT INTO ANIMALE VALUES ('GSP1171','M','4','LIG1','ILL','AL11','PES03','3-EN')
INSERT INTO ANIMALE VALUES ('GSP1172','F','2','LIG1','ILL','AL11','PES03','3-EN')
INSERT INTO ANIMALE VALUES ('GSP1173','M','2','LIG1','ILL','AL11','PES03','3-EN')
INSERT INTO ANIMALE VALUES ('GSP1174','F','3','LIG1','SO','AL11','PES03','3-EN')
INSERT INTO ANIMALE VALUES ('GSP1175','M','4','LIG1','SO','AL11','PES03','3-EN')
INSERT INTO ANIMALE VALUES ('GSP1176','F','2','LIG1','SO','AL11','PES03','3-EN')
INSERT INTO ANIMALE VALUES ('GSP1177','M','4','LIG1','GOOD','AL11','PES03','3-EN')
INSERT INTO ANIMALE VALUES ('GSP1178','M','3','LIG1','GOOD','AL11','PES03','3-EN')
INSERT INTO ANIMALE VALUES ('GSP1179','F','4','LIG1','GOOD','AL11','PES03','3-EN')
INSERT INTO ANIMALE VALUES ('GSP1180','M','1','LIG1','WGOOD','AL11','PES03','3-EN')
INSERT INTO ANIMALE VALUES ('GSP1181','F','1','LIG1','WGOOD','AL11','PES03','3-EN')
INSERT INTO ANIMALE VALUES ('GSP1182','M','2','LIG1','WGOOD','AL11','PES03','3-EN')
INSERT INTO ANIMALE VALUES ('GSP1183','F','4','LIG1','WGOOD','AL11','PES03','3-EN')
INSERT INTO ANIMALE VALUES ('GSP1184','M','4','LIG1','WGOOD','AL11','PES03','3-EN')
INSERT INTO ANIMALE VALUES ('GSP1185','M','4','LIG1','WGOOD','AL11','PES03','3-EN')
INSERT INTO ANIMALE VALUES ('GSP1186','F','4','LIG1','WGOOD','AL11','PES03','3-EN')
INSERT INTO ANIMALE VALUES ('GSP1187','M','3','LIG1','WGOOD','AL11','PES03','3-EN')
INSERT INTO ANIMALE VALUES ('GSP1188','F','1','LIG1','WGOOD','AL11','PES03','3-EN')
INSERT INTO ANIMALE VALUES ('GSP1189','F','4','LIG1','WGOOD','AL11','PES03','3-EN')
INSERT INTO ANIMALE VALUES ('GSP1190','F','1','LIG1','GOOD','AL11','PES03','3-EN')
INSERT INTO ANIMALE VALUES ('GSP1191','F','4','LIG1','GOOD','AL11','PES03','3-EN')
INSERT INTO ANIMALE VALUES ('GSP1192','F','3','LIG1','GOOD','AL11','PES03','3-EN')
INSERT INTO ANIMALE VALUES ('GSP1193','F','2','LIG1','ILL','AL11','PES03','3-EN')
INSERT INTO ANIMALE VALUES ('GSP1194','F','3','LIG1','ILL','AL11','PES03','3-EN')
INSERT INTO ANIMALE VALUES ('GSP1195','F','2','LIG1','ILL','AL11','PES03','3-EN')
INSERT INTO ANIMALE VALUES ('GSP1196','F','4','LIG1','SO','AL11','PES03','3-EN')
INSERT INTO ANIMALE VALUES ('GSP1197','F','3','LIG1','SO','AL11','PES03','3-EN')
INSERT INTO ANIMALE VALUES ('GSP0456','M','2','BAS2','SO','LU09','RET04','0-LC')
INSERT INTO ANIMALE VALUES ('GSP0457','F','2','CAL1','SO','LU09','RET04','0-LC')
INSERT INTO ANIMALE VALUES ('GSP0458','M','4','SIC1','GOOD','LU09','RET04','0-LC')
INSERT INTO ANIMALE VALUES ('GSP0459','F','3','SIC2','GOOD','LU09','RET04','0-LC')
INSERT INTO ANIMALE VALUES ('GSP0460','M','4','SAR1','GOOD','LU09','RET04','0-LC')
INSERT INTO ANIMALE VALUES ('GSP0461','F','4','SAR2','WGOOD','LU09','RET04','0-LC')
INSERT INTO ANIMALE VALUES ('GSP0462','M','4','PIE2','WGOOD','LU09','RET04','0-LC')
INSERT INTO ANIMALE VALUES ('GSP0463','F','1','VAL1','WGOOD','LU09','RET04','0-LC')
INSERT INTO ANIMALE VALUES ('GSP0464','M','3','TRE1','WGOOD','LU09','RET04','0-LC')
INSERT INTO ANIMALE VALUES ('GSP0465','F','2','TRE2','WGOOD','LU09','RET04','0-LC')
INSERT INTO ANIMALE VALUES ('GSP0466','M','2','VEN1','WGOOD','LU09','RET04','0-LC')
INSERT INTO ANIMALE VALUES ('GSP0467','F','1','VEN2','WGOOD','LU09','RET04','0-LC')
INSERT INTO ANIMALE VALUES ('GSP0468','M','4','FRI1','WGOOD','LU09','RET04','0-LC')
INSERT INTO ANIMALE VALUES ('GSP0469','F','1','TOS2','WGOOD','LU09','RET04','0-LC')
INSERT INTO ANIMALE VALUES ('GSP0470','M','1','UMB1','WORST','LU09','RET04','0-LC')
INSERT INTO ANIMALE VALUES ('GSP0471','F','2','UMB2','SO','LU09','RET04','0-LC')
INSERT INTO ANIMALE VALUES ('GSP0472','M','4','MAR2','SO','LU09','RET04','0-LC')
INSERT INTO ANIMALE VALUES ('GSP0473','F','1','MAR2','SO','LU09','RET04','0-LC')
INSERT INTO ANIMALE VALUES ('GSP0474','M','3','LAZ1','SO','LU09','RET04','0-LC')
INSERT INTO ANIMALE VALUES ('GSP0475','F','3','LAZ2','GOOD','LU09','RET04','0-LC')
INSERT INTO ANIMALE VALUES ('GSP0476','M','4','LOM1','GOOD','LU09','RET04','0-LC')
INSERT INTO ANIMALE VALUES ('GSP0477','F','3','LOM2','ILL','LU09','RET04','0-LC')
INSERT INTO ANIMALE VALUES ('GSP0478','M','3','PIE1','ILL','LU09','RET04','0-LC')
INSERT INTO ANIMALE VALUES ('GSP0479','F','3','PIE2','ILL','LU09','RET04','0-LC')
INSERT INTO ANIMALE VALUES ('GSP0480','M','1','VAL1','SO','LU09','RET04','0-LC')
INSERT INTO ANIMALE VALUES ('GSP0481','F','1','TRE1','SO','LU09','RET04','0-LC')
INSERT INTO ANIMALE VALUES ('GSP0482','M','3','TRE2','SO','LU09','RET04','0-LC')
INSERT INTO ANIMALE VALUES ('GSP0483','F','4','VEN1','GOOD','LU09','RET04','0-LC')
INSERT INTO ANIMALE VALUES ('GSP0484','M','4','VEN2','GOOD','LU09','RET04','0-LC')
INSERT INTO ANIMALE VALUES ('GSP0485','F','2','FRI1','GOOD','LU09','RET04','0-LC')
INSERT INTO ANIMALE VALUES ('GSP0486','M','3','FRI2','WGOOD','LU09','RET04','0-LC')
INSERT INTO ANIMALE VALUES ('GSP0487','F','1','LIG1','WGOOD','LU09','RET04','0-LC')
INSERT INTO ANIMALE VALUES ('GSP0488','M','3','LIG2','WGOOD','LU09','RET04','0-LC')
INSERT INTO ANIMALE VALUES ('GSP0489','F','1','EMI1','WGOOD','LU09','RET04','0-LC')
INSERT INTO ANIMALE VALUES ('GSP0490','M','4','EMI2','WGOOD','LU09','RET04','0-LC')
INSERT INTO ANIMALE VALUES ('GSP0491','F','4','TOS1','WGOOD','LU09','RET04','0-LC')
INSERT INTO ANIMALE VALUES ('GSP0492','M','1','TOS2','WGOOD','LU09','RET04','0-LC')
INSERT INTO ANIMALE VALUES ('GSP0493','F','3','UMB1','WGOOD','LU09','RET04','0-LC')
INSERT INTO ANIMALE VALUES ('GSP0494','M','3','UMB2','WGOOD','LU09','RET04','0-LC')
INSERT INTO ANIMALE VALUES ('GSP0495','F','3','MAR2','WORST','LU09','RET04','0-LC')
INSERT INTO ANIMALE VALUES ('GSP0496','M','2','MAR2','SO','LU09','RET04','0-LC')
INSERT INTO ANIMALE VALUES ('GSP0497','F','1','LAZ1','SO','LU09','RET04','0-LC')
INSERT INTO ANIMALE VALUES ('GSP0498','M','1','LAZ2','SO','LU09','RET04','0-LC')
INSERT INTO ANIMALE VALUES ('GSP0499','F','2','ABR1','SO','LU09','RET04','0-LC')
INSERT INTO ANIMALE VALUES ('GSP0500','M','4','CAM1','GOOD','LU09','RET04','0-LC')
INSERT INTO ANIMALE VALUES ('GSP0501','F','3','CAM2','GOOD','LU09','RET04','0-LC')
INSERT INTO ANIMALE VALUES ('GSP0502','M','3','PUG1','ILL','LU09','RET04','0-LC')
INSERT INTO ANIMALE VALUES ('GSP0503','F','2','PUG2','ILL','LU09','RET04','0-LC')
INSERT INTO ANIMALE VALUES ('GSP0504','M','1','BAS1','ILL','LU09','RET04','0-LC')
INSERT INTO ANIMALE VALUES ('GSP0505','F','2','BAS2','SO','LU09','RET04','0-LC')
INSERT INTO ANIMALE VALUES ('GSP0506','M','4','CAL1','SO','LU09','RET04','0-LC')
INSERT INTO ANIMALE VALUES ('GSP0507','F','4','SIC1','SO','LU09','RET04','0-LC')
INSERT INTO ANIMALE VALUES ('GSP0508','M','4','SIC2','GOOD','LU09','RET04','0-LC')
INSERT INTO ANIMALE VALUES ('GSP0509','F','1','SAR1','GOOD','LU09','RET04','0-LC')
INSERT INTO ANIMALE VALUES ('GSP0510','M','3','SAR2','GOOD','LU09','RET04','0-LC')
INSERT INTO ANIMALE VALUES ('GSP0511','F','1','LOM1','WGOOD','LU09','RET04','0-LC')
INSERT INTO ANIMALE VALUES ('GSP0512','M','3','LOM2','WGOOD','LU09','RET04','0-LC')
INSERT INTO ANIMALE VALUES ('GSP0513','F','3','PIE1','WGOOD','LU09','RET04','0-LC')
INSERT INTO ANIMALE VALUES ('GSP0514','M','3','PIE2','WGOOD','LU09','RET04','0-LC')
INSERT INTO ANIMALE VALUES ('GSP0515','F','2','VAL1','WGOOD','LU09','RET04','0-LC')
INSERT INTO ANIMALE VALUES ('GSP0516','M','2','TRE1','WGOOD','LU09','RET04','0-LC')
INSERT INTO ANIMALE VALUES ('GSP0517','F','1','TRE2','WGOOD','LU09','RET04','0-LC')
INSERT INTO ANIMALE VALUES ('GSP0518','M','3','VEN1','WGOOD','LU09','RET04','0-LC')
INSERT INTO ANIMALE VALUES ('GSP0519','F','3','VEN2','WGOOD','LU09','RET04','0-LC')
INSERT INTO ANIMALE VALUES ('GSP0520','M','3','FRI1','WORST','LU09','RET04','0-LC')
INSERT INTO ANIMALE VALUES ('GSP0521','F','2','FRI2','SO','LU09','RET04','0-LC')
INSERT INTO ANIMALE VALUES ('GSP0522','M','3','CAL1','SO','LU09','RET04','0-LC')
INSERT INTO ANIMALE VALUES ('GSP0523','F','1','SIC1','SO','LU09','RET04','0-LC')
INSERT INTO ANIMALE VALUES ('GSP0524','M','4','SIC2','SO','LU09','RET04','0-LC')
INSERT INTO ANIMALE VALUES ('GSP0525','F','3','SAR1','GOOD','LU09','RET04','0-LC')
INSERT INTO ANIMALE VALUES ('GSP0526','M','1','SAR2','GOOD','LU09','RET04','0-LC')
INSERT INTO ANIMALE VALUES ('GSP0527','F','3','PIE2','ILL','LU09','RET04','0-LC')
INSERT INTO ANIMALE VALUES ('GSP0528','M','2','VAL1','ILL','LU09','RET04','0-LC')
INSERT INTO ANIMALE VALUES ('GSP0529','F','2','TRE1','ILL','LU09','RET04','0-LC')
INSERT INTO ANIMALE VALUES ('GSP0530','M','1','PIE1','SO','LU09','RET04','0-LC')
INSERT INTO ANIMALE VALUES ('GSP0531','F','3','PIE2','SO','LU09','RET04','0-LC')
INSERT INTO ANIMALE VALUES ('GSP1001','F','13','LOM1','WGOOD','VI08','RET04','0-LC')
INSERT INTO ANIMALE VALUES ('GSP1002','F','19','LOM2','WGOOD','VI08','RET04','0-LC')
INSERT INTO ANIMALE VALUES ('GSP1003','M','12','PIE1','WGOOD','VI08','RET04','0-LC')
INSERT INTO ANIMALE VALUES ('GSP1004','F','20','PIE2','WORST','VI08','RET04','0-LC')
INSERT INTO ANIMALE VALUES ('GSP1005','F','14','VAL1','ILL','VI08','RET04','0-LC')
INSERT INTO ANIMALE VALUES ('GSP1006','M','8','TRE1','ILL','VI08','RET04','0-LC')
INSERT INTO ANIMALE VALUES ('GSP1007','F','6','TRE2','ILL','VI08','RET04','0-LC')
INSERT INTO ANIMALE VALUES ('GSP1008','F','5','VEN1','SO','VI08','RET04','0-LC')
INSERT INTO ANIMALE VALUES ('GSP1009','M','17','VEN2','SO','VI08','RET04','0-LC')
INSERT INTO ANIMALE VALUES ('GSP1010','F','10','FRI1','SO','VI08','RET04','0-LC')
INSERT INTO ANIMALE VALUES ('GSP1011','F','12','FRI2','GOOD','VI08','RET04','0-LC')
INSERT INTO ANIMALE VALUES ('GSP1012','M','5','LIG1','GOOD','VI08','RET04','0-LC')
INSERT INTO ANIMALE VALUES ('GSP1013','F','18','LIG2','GOOD','VI08','RET04','0-LC')
INSERT INTO ANIMALE VALUES ('GSP1014','F','10','EMI1','WGOOD','VI08','RET04','0-LC')
INSERT INTO ANIMALE VALUES ('GSP1015','M','20','EMI2','WGOOD','VI08','RET04','0-LC')
INSERT INTO ANIMALE VALUES ('GSP1016','F','7','TOS1','WGOOD','VI08','RET04','0-LC')
INSERT INTO ANIMALE VALUES ('GSP1017','F','15','TOS2','WGOOD','VI08','RET04','0-LC')
INSERT INTO ANIMALE VALUES ('GSP1018','M','15','UMB1','WGOOD','VI08','RET04','0-LC')
INSERT INTO ANIMALE VALUES ('GSP1019','F','1','UMB2','WGOOD','VI08','RET04','0-LC')
INSERT INTO ANIMALE VALUES ('GSP1020','F','15','MAR2','WGOOD','VI08','RET04','0-LC')
INSERT INTO ANIMALE VALUES ('GSP1021','M','20','MAR2','WGOOD','VI08','RET04','0-LC')
INSERT INTO ANIMALE VALUES ('GSP1022','F','10','LAZ1','WGOOD','VI08','RET04','0-LC')
INSERT INTO ANIMALE VALUES ('GSP1023','F','13','LAZ2','WGOOD','VI08','RET04','0-LC')
INSERT INTO ANIMALE VALUES ('GSP1024','M','2','ABR1','GOOD','VI08','RET04','0-LC')
INSERT INTO ANIMALE VALUES ('GSP1025','F','13','CAM1','GOOD','VI08','RET04','0-LC')
INSERT INTO ANIMALE VALUES ('GSP1026','F','7','CAM2','GOOD','VI08','RET04','0-LC')
INSERT INTO ANIMALE VALUES ('GSP1027','M','14','PUG1','WORST','VI08','RET04','0-LC')
INSERT INTO ANIMALE VALUES ('GSP1028','F','20','PUG2','ILL','VI08','RET04','0-LC')
INSERT INTO ANIMALE VALUES ('GSP1029','F','10','BAS1','ILL','VI08','RET04','0-LC')
INSERT INTO ANIMALE VALUES ('GSP1030','M','1','BAS2','ILL','VI08','RET04','0-LC')
INSERT INTO ANIMALE VALUES ('GSP1031','F','1','CAL1','SO','VI08','RET04','0-LC')
INSERT INTO ANIMALE VALUES ('GSP1032','F','15','SIC1','SO','VI08','RET04','0-LC')
INSERT INTO ANIMALE VALUES ('GSP1033','M','7','SIC2','SO','VI08','RET04','0-LC')
INSERT INTO ANIMALE VALUES ('GSP1034','F','5','SAR1','GOOD','VI08','RET04','0-LC')
INSERT INTO ANIMALE VALUES ('GSP1035','F','14','SAR2','GOOD','VI08','RET04','0-LC')
INSERT INTO ANIMALE VALUES ('GSP1036','M','19','EMI1','GOOD','VI08','RET04','0-LC')
INSERT INTO ANIMALE VALUES ('GSP1037','F','1','EMI2','WGOOD','VI08','RET04','0-LC')
INSERT INTO ANIMALE VALUES ('GSP1038','F','4','TOS1','WGOOD','VI08','RET04','0-LC')
INSERT INTO ANIMALE VALUES ('GSP1039','M','13','TOS2','WGOOD','VI08','RET04','0-LC')
INSERT INTO ANIMALE VALUES ('GSP1040','F','14','UMB1','WGOOD','VI08','RET04','0-LC')
INSERT INTO ANIMALE VALUES ('GSP1041','F','2','UMB2','WGOOD','VI08','RET04','0-LC')
INSERT INTO ANIMALE VALUES ('GSP1042','M','5','MAR2','WGOOD','VI08','RET04','0-LC')
INSERT INTO ANIMALE VALUES ('GSP1043','F','6','MAR2','WGOOD','VI08','RET04','0-LC')
INSERT INTO ANIMALE VALUES ('GSP1044','F','11','LAZ1','WGOOD','VI08','RET04','0-LC')
INSERT INTO ANIMALE VALUES ('GSP1045','M','5','LAZ2','WGOOD','VI08','RET04','0-LC')
INSERT INTO ANIMALE VALUES ('GSP1046','F','5','ABR1','WGOOD','VI08','RET04','0-LC')
INSERT INTO ANIMALE VALUES ('GSP1047','F','20','CAM1','GOOD','VI08','RET04','0-LC')
INSERT INTO ANIMALE VALUES ('GSP1048','M','7','CAM2','GOOD','VI08','RET04','0-LC')
INSERT INTO ANIMALE VALUES ('GSP1049','F','4','PUG1','GOOD','VI08','RET04','0-LC')
INSERT INTO ANIMALE VALUES ('GSP1050','F','1','PUG2','WORST','VI08','RET04','0-LC')
INSERT INTO ANIMALE VALUES ('GSP1051','M','17','BAS1','ILL','VI08','RET04','0-LC')
INSERT INTO ANIMALE VALUES ('GSP1052','F','7','BAS2','ILL','VI08','RET04','0-LC')
INSERT INTO ANIMALE VALUES ('GSP1053','F','10','CAL1','ILL','VI08','RET04','0-LC')
INSERT INTO ANIMALE VALUES ('GSP1054','M','18','SIC1','SO','VI08','RET04','0-LC')
INSERT INTO ANIMALE VALUES ('GSP1055','F','12','SIC2','SO','VI08','RET04','0-LC')
INSERT INTO ANIMALE VALUES ('GSP1056','F','20','SAR1','SO','VI08','RET04','0-LC')
INSERT INTO ANIMALE VALUES ('GSP1057','M','13','SAR2','GOOD','VI08','RET04','0-LC')
INSERT INTO ANIMALE VALUES ('GSP1058','F','13','TRE1','GOOD','VI08','RET04','0-LC')
INSERT INTO ANIMALE VALUES ('GSP1059','F','19','TRE2','GOOD','VI08','RET04','0-LC')
INSERT INTO ANIMALE VALUES ('GSP1060','M','2','VEN1','WGOOD','VI08','RET04','0-LC')
INSERT INTO ANIMALE VALUES ('GSP0001','F','14','SIC1','WGOOD','AQ06','UCC02','2-VU')
INSERT INTO ANIMALE VALUES ('GSP0002','M','2','SIC1','GOOD','AQ06','UCC02','2-VU')
INSERT INTO ANIMALE VALUES ('GSP0003','M','3','LOM1','WGOOD','AQ06','UCC02','2-VU')
INSERT INTO ANIMALE VALUES ('GSP0004','F','2','FRI2','WGOOD','AQ06','UCC02','2-VU')
INSERT INTO ANIMALE VALUES ('GSP0005','F','14','TOS2','GOOD','AQ06','UCC02','2-VU')
INSERT INTO ANIMALE VALUES ('GSP0006','M','16','LIG2','GOOD','AQ06','UCC02','2-VU')
INSERT INTO ANIMALE VALUES ('GSP0007','M','15','LOM1','WGOOD','AQ06','UCC02','2-VU')
INSERT INTO ANIMALE VALUES ('GSP0008','F','15','LIG2','WGOOD','AQ06','UCC02','2-VU')
INSERT INTO ANIMALE VALUES ('GSP0009','F','3','PIE1','SO','AQ06','UCC02','2-VU')
INSERT INTO ANIMALE VALUES ('GSP0010','M','17','FRI2','SO','AQ06','UCC02','2-VU')
INSERT INTO ANIMALE VALUES ('GSP0011','M','16','TOS2','SO','AQ06','UCC02','2-VU')
INSERT INTO ANIMALE VALUES ('GSP0012','F','1','VAL1','SO','AQ06','UCC02','2-VU')
INSERT INTO ANIMALE VALUES ('GSP0013','F','15','LOM1','ILL','AQ06','UCC02','2-VU')
INSERT INTO ANIMALE VALUES ('GSP0014','M','16','SIC1','SO','AQ06','UCC02','2-VU')
INSERT INTO ANIMALE VALUES ('GSP0015','M','16','TOS2','ILL','AQ06','UCC02','2-VU')
INSERT INTO ANIMALE VALUES ('GSP0016','F','12','LOM1','GOOD','AQ06','UCC02','2-VU')
INSERT INTO ANIMALE VALUES ('GSP0017','F','11','VAL1','WORST','AQ06','UCC02','2-VU')
INSERT INTO ANIMALE VALUES ('GSP0018','F','15','SIC1','WORST','AQ06','UCC02','2-VU')
INSERT INTO ANIMALE VALUES ('GSP0019','M','7','SIC1','ILL','AQ06','UCC02','2-VU')
INSERT INTO ANIMALE VALUES ('GSP0020','M','18','PIE1','ILL','AQ06','UCC02','2-VU')
INSERT INTO ANIMALE VALUES ('GSP0021','F','6','TOS2','ILL','AQ06','UCC02','2-VU')
INSERT INTO ANIMALE VALUES ('GSP0062','F','1','LOM1','WGOOD','CA57','UCC02','1-NT')
INSERT INTO ANIMALE VALUES ('GSP0063','M','4','LOM2','GOOD','CA57','UCC02','1-NT')
INSERT INTO ANIMALE VALUES ('GSP0064','F','4','PIE1','GOOD','CA57','UCC02','1-NT')
INSERT INTO ANIMALE VALUES ('GSP0065','F','3','PIE2','WGOOD','CA57','UCC02','1-NT')
INSERT INTO ANIMALE VALUES ('GSP0066','M','3','VAL1','WGOOD','CA57','UCC02','1-NT')
INSERT INTO ANIMALE VALUES ('GSP0067','F','3','TRE1','SO','CA57','UCC02','1-NT')
INSERT INTO ANIMALE VALUES ('GSP0068','F','3','TRE2','SO','CA57','UCC02','1-NT')
INSERT INTO ANIMALE VALUES ('GSP0069','M','2','VEN1','SO','CA57','UCC02','1-NT')
INSERT INTO ANIMALE VALUES ('GSP0070','F','2','VEN2','SO','CA57','UCC02','1-NT')
INSERT INTO ANIMALE VALUES ('GSP0071','F','1','FRI1','ILL','CA57','UCC02','1-NT')
INSERT INTO ANIMALE VALUES ('GSP0072','M','3','FRI2','SO','CA57','UCC02','1-NT')
INSERT INTO ANIMALE VALUES ('GSP0073','F','1','LIG1','ILL','CA57','UCC02','1-NT')
INSERT INTO ANIMALE VALUES ('GSP0074','F','2','LIG2','GOOD','CA57','UCC02','1-NT')
INSERT INTO ANIMALE VALUES ('GSP0075','M','4','EMI1','WORST','CA57','UCC02','1-NT')
INSERT INTO ANIMALE VALUES ('GSP0076','F','3','EMI2','WORST','CA57','UCC02','1-NT')
INSERT INTO ANIMALE VALUES ('GSP0077','F','1','TOS1','ILL','CA57','UCC02','1-NT')
INSERT INTO ANIMALE VALUES ('GSP0078','M','4','TOS2','ILL','CA57','UCC02','1-NT')
INSERT INTO ANIMALE VALUES ('GSP0079','F','2','UMB1','ILL','CA57','UCC02','1-NT')
INSERT INTO ANIMALE VALUES ('GSP0080','F','1','UMB2','GOOD','CA57','UCC02','1-NT')
INSERT INTO ANIMALE VALUES ('GSP0081','M','4','MAR2','WGOOD','CA57','UCC02','1-NT')
INSERT INTO ANIMALE VALUES ('GSP0082','F','1','MAR2','WGOOD','CA57','UCC02','1-NT')
INSERT INTO ANIMALE VALUES ('GSP0083','F','4','LAZ1','WGOOD','CA57','UCC02','1-NT')
INSERT INTO ANIMALE VALUES ('GSP0084','M','4','LAZ2','WGOOD','CA57','UCC02','1-NT')
INSERT INTO ANIMALE VALUES ('GSP0085','F','2','ABR1','WGOOD','CA57','UCC02','1-NT')
INSERT INTO ANIMALE VALUES ('GSP0086','F','4','CAM1','WGOOD','CA57','UCC02','1-NT')
INSERT INTO ANIMALE VALUES ('GSP0087','M','2','CAM2','WGOOD','CA57','UCC02','1-NT')
INSERT INTO ANIMALE VALUES ('GSP0088','F','1','PUG1','WGOOD','CA57','UCC02','1-NT')
INSERT INTO ANIMALE VALUES ('GSP0089','F','1','LOM1','WGOOD','CA57','UCC02','1-NT')
INSERT INTO ANIMALE VALUES ('GSP0090','M','3','LOM2','WORST','CA57','UCC02','1-NT')
INSERT INTO ANIMALE VALUES ('GSP0091','F','1','PIE1','SO','CA57','UCC02','1-NT')
INSERT INTO ANIMALE VALUES ('GSP0092','F','2','PIE2','SO','CA57','UCC02','1-NT')
INSERT INTO ANIMALE VALUES ('GSP0093','M','1','VAL1','SO','CA57','UCC02','1-NT')
INSERT INTO ANIMALE VALUES ('GSP0094','F','2','TRE1','SO','CA57','UCC02','1-NT')
INSERT INTO ANIMALE VALUES ('GSP0095','F','2','TRE2','GOOD','CA57','UCC02','1-NT')
INSERT INTO ANIMALE VALUES ('GSP0096','M','4','VEN1','GOOD','CA57','UCC02','1-NT')
INSERT INTO ANIMALE VALUES ('GSP0097','F','1','VEN2','ILL','CA57','UCC02','1-NT')
INSERT INTO ANIMALE VALUES ('GSP0098','F','3','FRI1','ILL','CA57','UCC02','1-NT')
INSERT INTO ANIMALE VALUES ('GSP0099','M','2','FRI2','WGOOD','CA57','UCC02','1-NT')
INSERT INTO ANIMALE VALUES ('GSP0100','F','1','LIG1','GOOD','CA57','UCC02','1-NT')
INSERT INTO ANIMALE VALUES ('GSP0101','F','2','LIG2','WGOOD','CA57','UCC02','1-NT')
INSERT INTO ANIMALE VALUES ('GSP0102','M','4','EMI1','WGOOD','CA57','UCC02','1-NT')
INSERT INTO ANIMALE VALUES ('GSP0103','F','4','EMI2','GOOD','CA57','UCC02','1-NT')
INSERT INTO ANIMALE VALUES ('GSP0104','F','3','TOS1','GOOD','CA57','UCC02','1-NT')
INSERT INTO ANIMALE VALUES ('GSP0105','M','1','TOS2','WGOOD','CA57','UCC02','1-NT')
INSERT INTO ANIMALE VALUES ('GSP0106','F','4','UMB1','WGOOD','CA57','UCC02','1-NT')
INSERT INTO ANIMALE VALUES ('GSP0107','F','2','UMB2','SO','CA57','UCC02','1-NT')
INSERT INTO ANIMALE VALUES ('GSP0108','M','1','MAR2','SO','CA57','UCC02','1-NT')
INSERT INTO ANIMALE VALUES ('GSP0109','F','3','MAR2','SO','CA57','UCC02','1-NT')
INSERT INTO ANIMALE VALUES ('GSP0110','F','1','LAZ1','SO','CA57','UCC02','1-NT')
INSERT INTO ANIMALE VALUES ('GSP0111','M','1','LAZ2','ILL','CA57','UCC02','1-NT')
INSERT INTO ANIMALE VALUES ('GSP0112','F','3','ABR1','SO','CA57','UCC02','1-NT')
INSERT INTO ANIMALE VALUES ('GSP0113','F','1','CAM1','ILL','CA57','UCC02','1-NT')
INSERT INTO ANIMALE VALUES ('GSP0114','M','1','CAM2','GOOD','CA57','UCC02','1-NT')
INSERT INTO ANIMALE VALUES ('GSP0115','F','2','PUG1','WORST','CA57','UCC02','1-NT')
INSERT INTO ANIMALE VALUES ('GSP0116','F','3','PUG2','WORST','CA57','UCC02','1-NT')
INSERT INTO ANIMALE VALUES ('GSP0117','M','2','BAS1','ILL','CA57','UCC02','1-NT')
INSERT INTO ANIMALE VALUES ('GSP0118','F','3','BAS2','ILL','CA57','UCC02','1-NT')
INSERT INTO ANIMALE VALUES ('GSP0119','F','3','CAL1','ILL','CA57','UCC02','1-NT')
INSERT INTO ANIMALE VALUES ('GSP0120','M','1','SIC1','WGOOD','CA57','UCC02','1-NT')
INSERT INTO ANIMALE VALUES ('GSP0121','F','3','SIC2','GOOD','CA57','UCC02','1-NT')
INSERT INTO ANIMALE VALUES ('GSP0122','F','4','SAR1','WGOOD','CA57','UCC02','1-NT')
INSERT INTO ANIMALE VALUES ('GSP0123','M','1','SAR2','WGOOD','CA57','UCC02','1-NT')
INSERT INTO ANIMALE VALUES ('GSP0124','F','4','FRI2','GOOD','CA57','UCC02','1-NT')
INSERT INTO ANIMALE VALUES ('GSP0125','F','4','LIG1','GOOD','CA57','UCC02','1-NT')
INSERT INTO ANIMALE VALUES ('GSP0126','M','3','LIG2','WGOOD','CA57','UCC02','1-NT')
INSERT INTO ANIMALE VALUES ('GSP0127','F','2','EMI1','WGOOD','CA57','UCC02','1-NT')
INSERT INTO ANIMALE VALUES ('GSP0128','F','1','EMI2','SO','CA57','UCC02','1-NT')
INSERT INTO ANIMALE VALUES ('GSP0129','M','3','TOS1','SO','CA57','UCC02','1-NT')
INSERT INTO ANIMALE VALUES ('GSP0130','F','4','TOS2','SO','CA57','UCC02','1-NT')
INSERT INTO ANIMALE VALUES ('GSP0131','F','3','UMB1','SO','CA57','UCC02','1-NT')
INSERT INTO ANIMALE VALUES ('GSP0132','M','4','UMB2','ILL','CA57','UCC02','1-NT')
INSERT INTO ANIMALE VALUES ('GSP0133','F','1','MAR2','SO','CA57','UCC02','1-NT')
INSERT INTO ANIMALE VALUES ('GSP0338','F','10','SAR1','WGOOD','FA05','UCC02','4-CR')
INSERT INTO ANIMALE VALUES ('GSP0339','F','13','PIE1','WORST','FA05','UCC02','4-CR')
INSERT INTO ANIMALE VALUES ('GSP0340','F','14','PIE2','SO','FA05','UCC02','4-CR')
INSERT INTO ANIMALE VALUES ('GSP0341','M','7','VAL1','SO','FA05','UCC02','4-CR')
INSERT INTO ANIMALE VALUES ('GSP0342','F','6','EMI1','SO','FA05','UCC02','4-CR')
INSERT INTO ANIMALE VALUES ('GSP0343','F','14','EMI2','SO','FA05','UCC02','4-CR')
INSERT INTO ANIMALE VALUES ('GSP0344','F','12','TOS1','GOOD','FA05','UCC02','4-CR')
INSERT INTO ANIMALE VALUES ('GSP0345','M','1','TOS2','GOOD','FA05','UCC02','4-CR')
INSERT INTO ANIMALE VALUES ('GSP0346','F','2','LAZ1','ILL','FA05','UCC02','4-CR')
INSERT INTO ANIMALE VALUES ('GSP0347','F','14','LAZ2','ILL','FA05','UCC02','4-CR')
INSERT INTO ANIMALE VALUES ('GSP0348','F','9','ABR1','ILL','FA05','UCC02','4-CR')
INSERT INTO ANIMALE VALUES ('GSP0349','M','2','BAS2','WORST','FA05','UCC02','4-CR')
INSERT INTO ANIMALE VALUES ('GSP0350','F','5','CAL1','SO','FA05','UCC02','4-CR')
INSERT INTO ANIMALE VALUES ('GSP0351','F','4','SIC1','SO','FA05','UCC02','4-CR')
INSERT INTO ANIMALE VALUES ('GSP0352','F','12','SAR1','SO','FA05','UCC02','4-CR')
INSERT INTO ANIMALE VALUES ('GSP0353','M','2','SAR1','SO','FA05','UCC02','4-CR')
INSERT INTO ANIMALE VALUES ('GSP0354','F','6','UMB2','GOOD','FA05','UCC02','4-CR')
INSERT INTO ANIMALE VALUES ('GSP0355','F','1','SAR1','GOOD','FA05','UCC02','4-CR')
INSERT INTO ANIMALE VALUES ('GSP0356','F','3','CAL1','GOOD','FA05','UCC02','4-CR')
INSERT INTO ANIMALE VALUES ('GSP0357','M','4','CAL1','WGOOD','FA05','UCC02','4-CR')
INSERT INTO ANIMALE VALUES ('GSP0358','M','12','LOM1','WGOOD','GU07','UCC02','3-EN')
INSERT INTO ANIMALE VALUES ('GSP0359','M','16','VAL1','WGOOD','GU07','UCC02','3-EN')
INSERT INTO ANIMALE VALUES ('GSP0360','F','2','LIG1','WGOOD','GU07','UCC02','3-EN')
INSERT INTO ANIMALE VALUES ('GSP0361','F','8','TOS2','WGOOD','GU07','UCC02','3-EN')
INSERT INTO ANIMALE VALUES ('GSP0362','M','9','MAR2','WGOOD','GU07','UCC02','3-EN')
INSERT INTO ANIMALE VALUES ('GSP0363','M','28','LAZ2','WGOOD','GU07','UCC02','3-EN')
INSERT INTO ANIMALE VALUES ('GSP0364','F','2','LOM2','WGOOD','GU07','UCC02','3-EN')
INSERT INTO ANIMALE VALUES ('GSP0365','F','3','PIE2','WGOOD','GU07','UCC02','3-EN')
INSERT INTO ANIMALE VALUES ('GSP0366','M','17','UMB2','WORST','GU07','UCC02','3-EN')
INSERT INTO ANIMALE VALUES ('GSP0367','M','8','MAR2','SO','GU07','UCC02','3-EN')
INSERT INTO ANIMALE VALUES ('GSP0368','F','29','LAZ2','SO','GU07','UCC02','3-EN')
INSERT INTO ANIMALE VALUES ('GSP0369','F','22','ABR1','SO','GU07','UCC02','3-EN')
INSERT INTO ANIMALE VALUES ('GSP0370','F','29','SIC1','SO','GU07','UCC02','3-EN')
INSERT INTO ANIMALE VALUES ('GSP0371','M','23','SAR1','GOOD','GU07','UCC02','3-EN')
INSERT INTO ANIMALE VALUES ('GSP0372','M','30','FRI2','GOOD','GU07','UCC02','3-EN')
INSERT INTO ANIMALE VALUES ('GSP0373','F','11','LIG1','ILL','GU07','UCC02','3-EN')
INSERT INTO ANIMALE VALUES ('GSP0374','F','17','UMB2','ILL','GU07','UCC02','3-EN')
INSERT INTO ANIMALE VALUES ('GSP0375','M','22','ABR1','ILL','GU07','UCC02','3-EN')
INSERT INTO ANIMALE VALUES ('GSP0376','M','27','CAM1','WORST','GU07','UCC02','3-EN')
INSERT INTO ANIMALE VALUES ('GSP0377','F','2','PUG1','SO','GU07','UCC02','3-EN')
INSERT INTO ANIMALE VALUES ('GSP0378','F','3','VEN2','SO','GU07','UCC02','3-EN')
INSERT INTO ANIMALE VALUES ('GSP0379','M','25','LIG2','SO','GU07','UCC02','3-EN')
INSERT INTO ANIMALE VALUES ('GSP0380','M','13','UMB2','SO','GU07','UCC02','3-EN')
INSERT INTO ANIMALE VALUES ('GSP0381','F','16','MAR2','GOOD','GU07','UCC02','3-EN')
INSERT INTO ANIMALE VALUES ('GSP0382','F','4','BAS2','GOOD','GU07','UCC02','3-EN')
INSERT INTO ANIMALE VALUES ('GSP0383','F','26','CAL1','GOOD','GU07','UCC02','3-EN')





